INSERT INTO venues (id, title, short_title, city, venue_description, address, currently_open) VALUES
    (DEFAULT, $$San Francisco Musuem of Modern Art$$, $$SF MOMA$$, $$San Francisco$$, $$"The San Francisco Museum of Modern Art (SFMOMA) is a modern art museum located in San Francisco, California. A nonprofit organization, SFMOMA holds an internationally recognized collection of modern and contemporary art, and was the first museum on the West Coast devoted solely to 20th-century art."$$, $$151 3rd St, San Francisco, CA 94103$$, 1);
INSERT INTO venues (id, title, short_title, city, venue_description, address, currently_open) VALUES
    (DEFAULT, $$Castro Theater$$, $$Castro Theater$$, $$San Francisco$$, $$"The Castro Theatre is a popular San Francisco movie palace."$$, $$429 Castro St, San Francisco, CA 94114$$, 1);
INSERT INTO venues (id, title, short_title, city, venue_description, address, currently_open) VALUES
    (DEFAULT, $$Roxie Theater$$, $$Roxie Theater$$, $$San Francisco$$, $$"The Roxie Theater, a San Francisco landmark in the Mission District, brings people together to meet and connect through distinctive cinematic experiences. Guided by the passionate belief that engaging with a movie doesn’t end with the credits, we invite filmmakers, curators, entertainers and educators to interact with our audiences. We provide inspiration and opportunity for the next generation, and serve as a forum for the independent film community reflecting the spirit of the diverse Bay Area population. We are a 501(c)(3) nonprofit organization."$$, $$3117 16th St, San Francisco, CA 94103$$, 1);
INSERT INTO venues (id, title, short_title, city, venue_description, address, currently_open) VALUES
    (DEFAULT, $$West Wind Capitol 6 Drive-In$$, $$West Wind Capitol Drive-In$$, $$San Jose$$, $$"This retro drive-in movie theater screens the latest releases & pipes sound into cars via FM radio."$$, $$3630 Hillcap Ave, San Jose, CA 95136$$, 1);
INSERT INTO venues (id, title, short_title, city, venue_description, address, currently_open) VALUES
    (DEFAULT, $$West Wind Solano 2 Drive-In$$, $$West Wind Solano Drive-In$$, $$Concord$$, $$"This drive-in movie theater also offers a concession stand for snacks & a playground for kids."$$, $$1611 Solano Way, Concord, CA 94520$$, 1);
INSERT INTO venues (id, title, short_title, city, venue_description, address, currently_open) VALUES
    (DEFAULT, $$West Wind Sacramento 6 Drive-In$$, $$West Wind Sacramento Drive-In$$, $$Sacramento$$, $$"This retro drive-in movie theater screens the latest releases & pipes sound into cars via FM radio."$$, $$9616 Oates Dr, Sacramento, CA 95827$$, 1);
INSERT INTO venues (id, title, short_title, city, venue_description, address, currently_open) VALUES
    (DEFAULT, $$Lakeport Auto Movies$$, $$Lakeport Auto Movies$$, $$Lakeport$$, $$"Vintage drive-in theater offering double-feature mainstream movies, plus a snack bar."$$, $$52 Soda Bay Rd, Lakeport, CA 95453$$, 1);



INSERT INTO movies (id, title, director, year, runtime, synopsis) VALUES
    (601, $$E.T. the Extra-Terrestrial$$, $$Steven Spielberg$$, 1982, 115, $$"After a gentle alien becomes stranded on Earth, the being is discovered and befriended by a young boy named Elliott. Bringing the extraterrestrial into his suburban California house, Elliott introduces E.T., as the alien is dubbed, to his brother and his little sister, Gertie, and the children decide to keep its existence a secret. Soon, however, E.T. falls ill, resulting in government intervention and a dire situation for both Elliott and the alien."$$);
INSERT INTO movies (id, title, director, year, runtime, synopsis) VALUES
    (329, $$Jurassic Park$$, $$Steven Spielberg$$, 1993, 127, $$"A wealthy entrepreneur secretly creates a theme park featuring living dinosaurs drawn from prehistoric DNA. Before opening day, he invites a team of experts and his two eager grandchildren to experience the park and help calm anxious investors. However, the park is anything but amusing as the security systems go off-line and the dinosaurs escape."$$);
INSERT INTO movies (id, title, director, year, runtime, synopsis) VALUES
    (555974, $$Brahms: The Boy II$$, $$William Brent Bell$$, 2020, 86, $$"After a family moves into the Heelshire Mansion, their young son soon makes friends with a life-like doll called Brahms."$$);
INSERT INTO movies (id, title, director, year, runtime, synopsis) VALUES
    (542224, $$Gretel & Hansel$$, $$Oz Perkins$$, 2020, 87, $$"A long time ago in a distant fairy tale countryside, a young girl leads her little brother into a dark wood in desperate search of food and work, only to stumble upon a nexus of terrifying evil."$$);
INSERT INTO movies (id, title, director, year, runtime, synopsis) VALUES
    (27322, $$Love Jones$$, $$Theodore Witcher$$, 1997, 104, $$"Darius Lovehall is a young black poet in Chicago who starts dating Nina Moseley, a beautiful and talented photographer. While trying to figure out if they've got a \"love thing\" or are just \"kicking it,\" they hang out with their friends, talking about love and sex. Then Nina tests the strength of Darius' feelings and sets a chain of romantic complications into motion."$$);
INSERT INTO movies (id, title, director, year, runtime, synopsis) VALUES
    (361292, $$Suspiria$$, $$Dario Argento$$, 1977, 152, $$"A darkness swirls at the center of a world-renowned dance company, one that will engulf the troupe's artistic director, an ambitious young dancer and a grieving psychotherapist. Some will succumb to the nightmare, others will finally wake up."$$);
INSERT INTO movies (id, title, director, year, runtime, synopsis) VALUES
    (324857, $$Spider-Man: Into the Spider-Verse$$, $$Rodney Rothman$$, 2018, 117, $$"Miles Morales is juggling his life between being a high school student and being a spider-man. When Wilson \"Kingpin\" Fisk uses a super collider, others from across the Spider-Verse are transported to this dimension."$$);
INSERT INTO movies (id, title, director, year, runtime, synopsis) VALUES
    (539537, $$Fantasy Island$$, $$Jeff Wadlow$$, 2020, 109, $$"A group of contest winners arrive at an island hotel to live out their dreams, only to find themselves trapped in nightmare scenarios."$$);
INSERT INTO movies (id, title, director, year, runtime, synopsis) VALUES
    (338967, $$Zombieland: Double Tap$$, $$Ruben Fleischer$$, 2020, 99, $$"Columbus, Tallahassee, Wichita, and Little Rock move to the American heartland as they face off against evolved zombies, fellow survivors, and the growing pains of the snarky makeshift family."$$);
INSERT INTO movies (id, title, director, year, runtime, synopsis) VALUES
    (514847, $$The Hunt$$, $$Craig Zobel$$, 2020, 90, $$"Twelve strangers wake up in a clearing. They don't know where they are—or how they got there. In the shadow of a dark internet conspiracy theory, ruthless elitists gather at a remote location to hunt humans for sport. But their master plan is about to be derailed when one of the hunted turns the tables on her pursuers."$$);
INSERT INTO movies (id, title, director, year, runtime, synopsis) VALUES
    (570670, $$The Invisible Man$$, $$Leigh Whannell$$, 2020, 124, $$"When Cecilia's abusive ex takes his own life and leaves her his fortune, she suspects his death was a hoax. As a series of coincidences turn lethal, Cecilia works to prove that she is being hunted by someone nobody can see."$$);
INSERT INTO movies (id, title, director, year, runtime, synopsis) VALUES
    (446893, $$Trolls World Tour$$, $$Walt Dohrn$$, 2020, 91, $$"Queen Poppy and Branch make a surprising discovery — there are other Troll worlds beyond their own, and their distinct differences create big clashes between these various tribes. When a mysterious threat puts all of the Trolls across the land in danger, Poppy, Branch, and their band of friends must embark on an epic quest to create harmony among the feuding Trolls to unite them against certain doom."$$);
INSERT INTO movies (id, title, director, year, runtime, synopsis) VALUES
    (953, $$Madagascar$$, $$Eric Darnell$$, 2005, 86, $$"Alex the lion is the king of the urban jungle, the main attraction at New York’s Central Park Zoo. He and his best friends—Marty the zebra, Melman the giraffe and Gloria the hippo—have spent their whole lives in blissful captivity before an admiring public and with regular meals provided for them. Not content to leave well enough alone, Marty lets his curiosity get the better of him and makes his escape—with the help of some prodigious penguins—to explore the world."$$);
INSERT INTO movies (id, title, director, year, runtime, synopsis) VALUES
    (564, $$The Mummy$$, $$Stephen Sommers$$, 1999, 124, $$"Dashing legionnaire Rick O'Connell stumbles upon the hidden ruins of Hamunaptra while in the midst of a battle to claim the area in 1920s Egypt. It has been over three thousand years since former High Priest Imhotep suffered a fate worse than death as a punishment for a forbidden love—along with a curse that guarantees eternal doom upon the world if he is ever awoken."$$);
INSERT INTO movies (id, title, director, year, runtime, synopsis) VALUES
    (1734, $$The Mummy Returns$$, $$Stephen Sommers$$, 2001, 130, $$"Rick and Evelyn O’Connell, along with their 8-year-old son Alex, discover the key to the legendary Scorpion King’s might: the fabled Bracelet of Anubis. Unfortunately, a newly resurrected Imhotep has designs on the bracelet as well, and isn’t above kidnapping its new bearer, Alex, to gain control of Anubis’s otherworldly army."$$);
INSERT INTO movies (id, title, director, year, runtime, synopsis) VALUES
    (85, $$Raiders of the Lost Ark$$, $$Steven Spielberg$$, 1981, 115, $$"When Dr. Indiana Jones – the tweed-suited professor who just happens to be a celebrated archaeologist – is hired by the government to locate the legendary Ark of the Covenant, he finds himself up against the entire Nazi regime."$$);
INSERT INTO movies (id, title, director, year, runtime, synopsis) VALUES
    (89, $$Indiana Jones and the Last Crusade$$, $$Steven Spielberg$$, 1989, 127, $$"When Dr. Henry Jones Sr. suddenly goes missing while pursuing the Holy Grail, eminent archaeologist Indiana must team up with Marcus Brody, Sallah and Elsa Schneider to follow in his father's footsteps and stop the Nazis from recovering the power of eternal life."$$);
INSERT INTO movies (id, title, director, year, runtime, synopsis) VALUES
    (9502, $$Kung Fu Panda$$, $$Mark Osborne$$, 2008, 90, $$"When the Valley of Peace is threatened, lazy Po the panda discovers his destiny as the \"chosen one\" and trains to become a kung fu hero, but transforming the unsleek slacker into a brave warrior won't be easy. It's up to Master Shifu and the Furious Five -- Tigress, Crane, Mantis, Viper and Monkey -- to give it a try."$$);
INSERT INTO movies (id, title, director, year, runtime, synopsis) VALUES
    (1858, $$Transformers$$, $$Michael Bay$$, 2007, 144, $$"Young teenager, Sam Witwicky becomes involved in the ancient struggle between two extraterrestrial factions of transforming robots – the heroic Autobots and the evil Decepticons. Sam holds the clue to unimaginable power and the Decepticons will stop at nothing to retrieve it."$$);
INSERT INTO movies (id, title, director, year, runtime, synopsis) VALUES
    (429617, $$Spider-Man: Far From Home$$, $$$$, 2019, 129, $$"Peter Parker and his friends go on a summer trip to Europe. However, they will hardly be able to rest - Peter will have to agree to help Nick Fury uncover the mystery of creatures that cause natural disasters and destruction throughout the continent."$$);
INSERT INTO movies (id, title, director, year, runtime, synopsis) VALUES
    (533642, $$Child's Play$$, $$Lars Klevberg$$, 2019, 90, $$"Karen, a single mother, gifts her son Andy a Buddi doll for his birthday, unaware of its more sinister nature. A contemporary re-imagining of the 1988 horror classic."$$);
INSERT INTO movies (id, title, director, year, runtime, synopsis) VALUES
    (711696, $$Mighty Oak$$, $$Sean McNamara$$, 2020, 102, $$"Janel Parrish plays music manager Gina Jackson whose life is shattered when her brother and lead vocalist, Vaughn (Levi Dylan), is killed in a tragic accident. Ten years later, when a young guitar prodigy Oak Scoggins (Tommy Ragen) enters her orbit, she becomes convinced that this young man is the reincarnation of Vaughn, but is he?"$$);
INSERT INTO movies (id, title, director, year, runtime, synopsis) VALUES
    (502416, $$Ma$$, $$Tate Taylor$$, 2019, 99, $$"Sue Ann is a loner who keeps to herself in her quiet Ohio town. One day, she is asked by Maggie, a new teenager in town, to buy some booze for her and her friends, and Sue Ann sees the chance to make some unsuspecting, if younger, friends of her own."$$);
INSERT INTO movies (id, title, director, year, runtime, synopsis) VALUES
    (1584, $$School of Rock$$, $$Richard Linklater$$, 2003, 110, $$"Fired from his band and hard up for cash, guitarist and vocalist Dewey Finn finagles his way into a job as a fifth-grade substitute teacher at a private school, where he secretly begins teaching his students the finer points of rock 'n' roll. The school's hard-nosed principal is rightly suspicious of Finn's activities. But Finn's roommate remains in the dark about what he's doing."$$);
INSERT INTO movies (id, title, director, year, runtime, synopsis) VALUES
    (512200, $$Jumanji: The Next Level$$, $$Jake Kasdan$$, 2019, 123, $$"As the gang return to Jumanji to rescue one of their own, they discover that nothing is as they expect. The players will have to brave parts unknown and unexplored in order to escape the world’s most dangerous game."$$);
INSERT INTO movies (id, title, director, year, runtime, synopsis) VALUES
    (8373, $$Transformers: Revenge of the Fallen$$, $$$$, 2009, 149, $$"Sam Witwicky leaves the Autobots behind for a normal life. But when his mind is filled with cryptic symbols, the Decepticons target him and he is dragged back into the Transformers' war."$$);
INSERT INTO movies (id, title, director, year, runtime, synopsis) VALUES
    (38700, $$Bad Boys for Life$$, $$Adil El Arbi & Bilall Fallah$$, 2020, 124, $$Marcus and Mike are forced to confront new threats, career changes, and midlife crises as they join the newly created elite team AMMO of the Miami police department to take down the ruthless Armando Armas, the vicious leader of a Miami drug cartel."$$);
INSERT INTO movies (id, title, director, year, runtime, synopsis) VALUES
    (621, $$Grease$$, $$Randal Kleiser$$, 1978, 110, $$"Australian good girl Sandy and greaser Danny fell in love over the summer. But when they unexpectedly discover they're now in the same high school, will they be able to rekindle their romance despite their eccentric friends?"$$);



INSERT INTO screenings (id, movies_id, venues_id, screening_url, start_date, end_date, format, screening_note, canceled) VALUES
    (DEFAULT, 601, 4, $$https://www.westwinddi.com/locations/capitol/movies/details?code=16689$$, $$2020-05-31$$, $$2020-06-04$$, $$DCP$$, $$Double feature with Jurassic Park$$, 0);
INSERT INTO screenings (id, movies_id, venues_id, screening_url, start_date, end_date, format, screening_note, canceled) VALUES
    (DEFAULT, 329, 4, $$https://www.westwinddi.com/locations/capitol/movies/details?code=207$$, $$2020-05-31$$, $$2020-06-04$$, $$DCP$$, $$Double feature with E.T.$$, 0);
INSERT INTO screenings (id, movies_id, venues_id, screening_url, start_date, end_date, format, screening_note, canceled) VALUES
    (DEFAULT, 555974, 4, $$https://www.westwinddi.com/locations/capitol/movies/details?code=289065$$, $$2020-05-31$$, $$2020-06-04$$, $$DCP$$, $$Double feature with Gretel and Hansel$$, 0);
INSERT INTO screenings (id, movies_id, venues_id, screening_url, start_date, end_date, format, screening_note, canceled) VALUES
    (DEFAULT, 542224, 4, $$https://www.westwinddi.com/locations/capitol/movies/details?code=291642$$, $$2020-05-31$$, $$2020-06-04$$, $$DCP$$, $$Double feature with Brahms: The Boy II$$, 0);
INSERT INTO screenings (id, movies_id, venues_id, screening_url, start_date, end_date, format, screening_note, canceled) VALUES
    (DEFAULT, 539537, 4, $$https://www.westwinddi.com/locations/capitol/movies/details?code=285307$$, $$2020-05-31$$, $$2020-06-04$$, $$DCP$$, $$Double feature with Zombieland$$, 0);
INSERT INTO screenings (id, movies_id, venues_id, screening_url, start_date, end_date, format, screening_note, canceled) VALUES
    (DEFAULT, 338967, 4, $$https://www.westwinddi.com/locations/capitol/movies/details?code=275948$$, $$2020-05-31$$, $$2020-06-04$$, $$DCP$$, $$Double feature with Fantasy Island$$, 0);
INSERT INTO screenings (id, movies_id, venues_id, screening_url, start_date, end_date, format, screening_note, canceled) VALUES
    (DEFAULT, 514847, 4, $$https://www.westwinddi.com/locations/capitol/movies/details?code=271023$$, $$2020-05-31$$, $$2020-06-04$$, $$DCP$$, $$Double feature with Invisible Man$$, 0);
INSERT INTO screenings (id, movies_id, venues_id, screening_url, start_date, end_date, format, screening_note, canceled) VALUES
    (DEFAULT, 570670, 4, $$https://www.westwinddi.com/locations/capitol/movies/details?code=293548$$, $$2020-05-31$$, $$2020-06-04$$, $$DCP$$, $$Double feature with The Hunt$$, 0);
INSERT INTO screenings (id, movies_id, venues_id, screening_url, start_date, end_date, format, screening_note, canceled) VALUES
    (DEFAULT, 446893, 4, $$https://www.westwinddi.com/locations/capitol/movies/details?code=240912$$, $$2020-05-31$$, $$2020-06-04$$, $$DCP$$, $$Double feature with Madagascar$$, 0);
INSERT INTO screenings (id, movies_id, venues_id, screening_url, start_date, end_date, format, screening_note, canceled) VALUES
    (DEFAULT, 953, 4, $$https://www.westwinddi.com/locations/capitol/movies/details?code=11329$$, $$2020-05-31$$, $$2020-06-04$$, $$DCP$$, $$Double feature with Trolls World Tour$$, 0);
INSERT INTO screenings (id, movies_id, venues_id, screening_url, start_date, end_date, format, screening_note, canceled) VALUES
    (DEFAULT, 564, 4, $$https://www.westwinddi.com/locations/capitol/movies/details?code=16623$$, $$2020-05-31$$, $$2020-06-04$$, $$DCP$$, $$Double feature with The Mummy Returns$$, 0);
INSERT INTO screenings (id, movies_id, venues_id, screening_url, start_date, end_date, format, screening_note, canceled) VALUES
    (DEFAULT, 1734, 4, $$https://www.westwinddi.com/locations/capitol/movies/details?code=29552$$, $$2020-05-31$$, $$2020-06-04$$, $$DCP$$, $$Double feature with The Mummy$$, 0);
INSERT INTO screenings (id, movies_id, venues_id, screening_url, start_date, end_date, format, screening_note, canceled) VALUES
    (DEFAULT, 514847, 5, $$https://www.westwinddi.com/locations/solano/movies/details?code=271023$$, $$2020-05-31$$, $$2020-06-04$$, $$DCP$$, $$Double feature with Invisible Man$$, 0);
INSERT INTO screenings (id, movies_id, venues_id, screening_url, start_date, end_date, format, screening_note, canceled) VALUES
    (DEFAULT, 570670, 5, $$https://www.westwinddi.com/locations/solano/movies/details?code=293548$$, $$2020-05-31$$, $$2020-06-04$$, $$DCP$$, $$Double feature with The Hunt$$, 0);
INSERT INTO screenings (id, movies_id, venues_id, screening_url, start_date, end_date, format, screening_note, canceled) VALUES
    (DEFAULT, 446893, 5, $$https://www.westwinddi.com/locations/capitol/movies/details?code=240912$$, $$2020-05-31$$, $$2020-06-04$$, $$DCP$$, $$Double feature with Madagascar$$, 0);
INSERT INTO screenings (id, movies_id, venues_id, screening_url, start_date, end_date, format, screening_note, canceled) VALUES
    (DEFAULT, 953, 5, $$https://www.westwinddi.com/locations/capitol/movies/details?code=11329$$, $$2020-05-31$$, $$2020-06-04$$, $$DCP$$, $$Double feature with Trolls World Tour$$, 0);
INSERT INTO showtimes (id, screenings_id, showtime, showtime_note, canceled) VALUES
    (DEFAULT, 1, $$2020-05-31 20:55:00-8:00$$, $$null$$, 0);
INSERT INTO showtimes (id, screenings_id, showtime, showtime_note, canceled) VALUES
    (DEFAULT, 1, $$2020-06-01 20:55:00-8:00$$, $$null$$, 0);
INSERT INTO showtimes (id, screenings_id, showtime, showtime_note, canceled) VALUES
    (DEFAULT, 1, $$2020-06-02 20:55:00-8:00$$, $$null$$, 0);
INSERT INTO showtimes (id, screenings_id, showtime, showtime_note, canceled) VALUES
    (DEFAULT, 1, $$2020-06-03 20:55:00-8:00$$, $$null$$, 0);
INSERT INTO showtimes (id, screenings_id, showtime, showtime_note, canceled) VALUES
    (DEFAULT, 1, $$2020-06-04 20:55:00-8:00$$, $$null$$, 0);
INSERT INTO showtimes (id, screenings_id, showtime, showtime_note, canceled) VALUES
    (DEFAULT, 2, $$2020-05-31 23:15:00-8:00$$, $$null$$, 0);
INSERT INTO showtimes (id, screenings_id, showtime, showtime_note, canceled) VALUES
    (DEFAULT, 2, $$2020-06-01 23:15:00-8:00$$, $$null$$, 0);
INSERT INTO showtimes (id, screenings_id, showtime, showtime_note, canceled) VALUES
    (DEFAULT, 2, $$2020-06-02 23:15:00-8:00$$, $$null$$, 0);
INSERT INTO showtimes (id, screenings_id, showtime, showtime_note, canceled) VALUES
    (DEFAULT, 2, $$2020-06-03 23:15:00-8:00$$, $$null$$, 0);
INSERT INTO showtimes (id, screenings_id, showtime, showtime_note, canceled) VALUES
    (DEFAULT, 2, $$2020-06-04 23:15:00-8:00$$, $$null$$, 0);
INSERT INTO showtimes (id, screenings_id, showtime, showtime_note, canceled) VALUES
    (DEFAULT, 3, $$2020-05-31 20:55:00-8:00$$, $$null$$, 0);
INSERT INTO showtimes (id, screenings_id, showtime, showtime_note, canceled) VALUES
    (DEFAULT, 3, $$2020-06-01 20:55:00-8:00$$, $$null$$, 0);
INSERT INTO showtimes (id, screenings_id, showtime, showtime_note, canceled) VALUES
    (DEFAULT, 3, $$2020-06-02 20:55:00-8:00$$, $$null$$, 0);
INSERT INTO showtimes (id, screenings_id, showtime, showtime_note, canceled) VALUES
    (DEFAULT, 3, $$2020-06-03 20:55:00-8:00$$, $$null$$, 0);
INSERT INTO showtimes (id, screenings_id, showtime, showtime_note, canceled) VALUES
    (DEFAULT, 3, $$2020-06-04 20:55:00-8:00$$, $$null$$, 0);
INSERT INTO showtimes (id, screenings_id, showtime, showtime_note, canceled) VALUES
    (DEFAULT, 4, $$2020-05-31 22:45:00-8:00$$, $$null$$, 0);
INSERT INTO showtimes (id, screenings_id, showtime, showtime_note, canceled) VALUES
    (DEFAULT, 4, $$2020-06-01 22:45:00-8:00$$, $$null$$, 0);
INSERT INTO showtimes (id, screenings_id, showtime, showtime_note, canceled) VALUES
    (DEFAULT, 4, $$2020-06-02 22:45:00-8:00$$, $$null$$, 0);
INSERT INTO showtimes (id, screenings_id, showtime, showtime_note, canceled) VALUES
    (DEFAULT, 4, $$2020-06-03 22:45:00-8:00$$, $$null$$, 0);
INSERT INTO showtimes (id, screenings_id, showtime, showtime_note, canceled) VALUES
    (DEFAULT, 4, $$2020-06-04 22:45:00-8:00$$, $$null$$, 0);
INSERT INTO showtimes (id, screenings_id, showtime, showtime_note, canceled) VALUES
    (DEFAULT, 5, $$2020-05-31 20:55:00-8:00$$, $$null$$, 0);
INSERT INTO showtimes (id, screenings_id, showtime, showtime_note, canceled) VALUES
    (DEFAULT, 5, $$2020-06-01 20:55:00-8:00$$, $$null$$, 0);
INSERT INTO showtimes (id, screenings_id, showtime, showtime_note, canceled) VALUES
    (DEFAULT, 5, $$2020-06-02 20:55:00-8:00$$, $$null$$, 0);
INSERT INTO showtimes (id, screenings_id, showtime, showtime_note, canceled) VALUES
    (DEFAULT, 5, $$2020-06-03 20:55:00-8:00$$, $$null$$, 0);
INSERT INTO showtimes (id, screenings_id, showtime, showtime_note, canceled) VALUES
    (DEFAULT, 5, $$2020-06-04 20:55:00-8:00$$, $$null$$, 0);
INSERT INTO showtimes (id, screenings_id, showtime, showtime_note, canceled) VALUES
    (DEFAULT, 6, $$2020-05-31 23:10:00-8:00$$, $$null$$, 0);
INSERT INTO showtimes (id, screenings_id, showtime, showtime_note, canceled) VALUES
    (DEFAULT, 6, $$2020-06-01 23:10:00-8:00$$, $$null$$, 0);
INSERT INTO showtimes (id, screenings_id, showtime, showtime_note, canceled) VALUES
    (DEFAULT, 6, $$2020-06-02 23:10:00-8:00$$, $$null$$, 0);
INSERT INTO showtimes (id, screenings_id, showtime, showtime_note, canceled) VALUES
    (DEFAULT, 6, $$2020-06-03 23:10:00-8:00$$, $$null$$, 0);
INSERT INTO showtimes (id, screenings_id, showtime, showtime_note, canceled) VALUES
    (DEFAULT, 6, $$2020-06-04 23:10:00-8:00$$, $$null$$, 0);
INSERT INTO showtimes (id, screenings_id, showtime, showtime_note, canceled) VALUES
    (DEFAULT, 7, $$2020-05-31 20:55:00-8:00$$, $$null$$, 0);
INSERT INTO showtimes (id, screenings_id, showtime, showtime_note, canceled) VALUES
    (DEFAULT, 7, $$2020-06-01 20:55:00-8:00$$, $$null$$, 0);
INSERT INTO showtimes (id, screenings_id, showtime, showtime_note, canceled) VALUES
    (DEFAULT, 7, $$2020-06-02 20:55:00-8:00$$, $$null$$, 0);
INSERT INTO showtimes (id, screenings_id, showtime, showtime_note, canceled) VALUES
    (DEFAULT, 7, $$2020-06-03 20:55:00-8:00$$, $$null$$, 0);
INSERT INTO showtimes (id, screenings_id, showtime, showtime_note, canceled) VALUES
    (DEFAULT, 7, $$2020-06-04 20:55:00-8:00$$, $$null$$, 0);
INSERT INTO showtimes (id, screenings_id, showtime, showtime_note, canceled) VALUES
    (DEFAULT, 8, $$2020-05-31 22:50:00-8:00$$, $$null$$, 0);
INSERT INTO showtimes (id, screenings_id, showtime, showtime_note, canceled) VALUES
    (DEFAULT, 8, $$2020-06-01 22:50:00-8:00$$, $$null$$, 0);
INSERT INTO showtimes (id, screenings_id, showtime, showtime_note, canceled) VALUES
    (DEFAULT, 8, $$2020-06-02 22:50:00-8:00$$, $$null$$, 0);
INSERT INTO showtimes (id, screenings_id, showtime, showtime_note, canceled) VALUES
    (DEFAULT, 8, $$2020-06-03 22:50:00-8:00$$, $$null$$, 0);
INSERT INTO showtimes (id, screenings_id, showtime, showtime_note, canceled) VALUES
    (DEFAULT, 8, $$2020-06-04 22:50:00-8:00$$, $$null$$, 0);
INSERT INTO showtimes (id, screenings_id, showtime, showtime_note, canceled) VALUES
    (DEFAULT, 9, $$2020-05-31 20:55:00-8:00$$, $$null$$, 0);
INSERT INTO showtimes (id, screenings_id, showtime, showtime_note, canceled) VALUES
    (DEFAULT, 9, $$2020-06-01 20:55:00-8:00$$, $$null$$, 0);
INSERT INTO showtimes (id, screenings_id, showtime, showtime_note, canceled) VALUES
    (DEFAULT, 9, $$2020-06-02 20:55:00-8:00$$, $$null$$, 0);
INSERT INTO showtimes (id, screenings_id, showtime, showtime_note, canceled) VALUES
    (DEFAULT, 9, $$2020-06-03 20:55:00-8:00$$, $$null$$, 0);
INSERT INTO showtimes (id, screenings_id, showtime, showtime_note, canceled) VALUES
    (DEFAULT, 9, $$2020-06-04 20:55:00-8:00$$, $$null$$, 0);
INSERT INTO showtimes (id, screenings_id, showtime, showtime_note, canceled) VALUES
    (DEFAULT, 10, $$2020-05-31 22:50:00-8:00$$, $$null$$, 0);
INSERT INTO showtimes (id, screenings_id, showtime, showtime_note, canceled) VALUES
    (DEFAULT, 10, $$2020-06-01 22:50:00-8:00$$, $$null$$, 0);
INSERT INTO showtimes (id, screenings_id, showtime, showtime_note, canceled) VALUES
    (DEFAULT, 10, $$2020-06-02 22:50:00-8:00$$, $$null$$, 0);
INSERT INTO showtimes (id, screenings_id, showtime, showtime_note, canceled) VALUES
    (DEFAULT, 10, $$2020-06-03 22:50:00-8:00$$, $$null$$, 0);
INSERT INTO showtimes (id, screenings_id, showtime, showtime_note, canceled) VALUES
    (DEFAULT, 10, $$2020-06-04 22:50:00-8:00$$, $$null$$, 0);
INSERT INTO showtimes (id, screenings_id, showtime, showtime_note, canceled) VALUES
    (DEFAULT, 11, $$2020-05-31 20:50:00-8:00$$, $$null$$, 0);
INSERT INTO showtimes (id, screenings_id, showtime, showtime_note, canceled) VALUES
    (DEFAULT, 11, $$2020-06-01 20:50:00-8:00$$, $$null$$, 0);
INSERT INTO showtimes (id, screenings_id, showtime, showtime_note, canceled) VALUES
    (DEFAULT, 11, $$2020-06-02 20:50:00-8:00$$, $$null$$, 0);
INSERT INTO showtimes (id, screenings_id, showtime, showtime_note, canceled) VALUES
    (DEFAULT, 11, $$2020-06-03 20:50:00-8:00$$, $$null$$, 0);
INSERT INTO showtimes (id, screenings_id, showtime, showtime_note, canceled) VALUES
    (DEFAULT, 11, $$2020-06-04 20:50:00-8:00$$, $$null$$, 0);
INSERT INTO showtimes (id, screenings_id, showtime, showtime_note, canceled) VALUES
    (DEFAULT, 12, $$2020-05-31 23:25:00-8:00$$, $$null$$, 0);
INSERT INTO showtimes (id, screenings_id, showtime, showtime_note, canceled) VALUES
    (DEFAULT, 12, $$2020-06-01 23:25:00-8:00$$, $$null$$, 0);
INSERT INTO showtimes (id, screenings_id, showtime, showtime_note, canceled) VALUES
    (DEFAULT, 12, $$2020-06-02 23:25:00-8:00$$, $$null$$, 0);
INSERT INTO showtimes (id, screenings_id, showtime, showtime_note, canceled) VALUES
    (DEFAULT, 12, $$2020-06-03 23:25:00-8:00$$, $$null$$, 0);
INSERT INTO showtimes (id, screenings_id, showtime, showtime_note, canceled) VALUES
    (DEFAULT, 12, $$2020-06-04 23:25:00-8:00$$, $$null$$, 0);
INSERT INTO showtimes (id, screenings_id, showtime, showtime_note, canceled) VALUES
    (DEFAULT, 13, $$2020-05-31 20:50:00-8:00$$, $$null$$, 0);
INSERT INTO showtimes (id, screenings_id, showtime, showtime_note, canceled) VALUES
    (DEFAULT, 13, $$2020-06-01 20:50:00-8:00$$, $$null$$, 0);
INSERT INTO showtimes (id, screenings_id, showtime, showtime_note, canceled) VALUES
    (DEFAULT, 13, $$2020-06-02 20:50:00-8:00$$, $$null$$, 0);
INSERT INTO showtimes (id, screenings_id, showtime, showtime_note, canceled) VALUES
    (DEFAULT, 13, $$2020-06-03 20:50:00-8:00$$, $$null$$, 0);
INSERT INTO showtimes (id, screenings_id, showtime, showtime_note, canceled) VALUES
    (DEFAULT, 13, $$2020-06-04 20:50:00-8:00$$, $$null$$, 0);
INSERT INTO showtimes (id, screenings_id, showtime, showtime_note, canceled) VALUES
    (DEFAULT, 14, $$2020-05-31 22:45:00-8:00$$, $$null$$, 0);
INSERT INTO showtimes (id, screenings_id, showtime, showtime_note, canceled) VALUES
    (DEFAULT, 14, $$2020-06-01 22:45:00-8:00$$, $$null$$, 0);
INSERT INTO showtimes (id, screenings_id, showtime, showtime_note, canceled) VALUES
    (DEFAULT, 14, $$2020-06-02 22:45:00-8:00$$, $$null$$, 0);
INSERT INTO showtimes (id, screenings_id, showtime, showtime_note, canceled) VALUES
    (DEFAULT, 14, $$2020-06-03 22:45:00-8:00$$, $$null$$, 0);
INSERT INTO showtimes (id, screenings_id, showtime, showtime_note, canceled) VALUES
    (DEFAULT, 14, $$2020-06-04 22:45:00-8:00$$, $$null$$, 0);
INSERT INTO showtimes (id, screenings_id, showtime, showtime_note, canceled) VALUES
    (DEFAULT, 15, $$2020-05-31 20:50:00-8:00$$, $$null$$, 0);
INSERT INTO showtimes (id, screenings_id, showtime, showtime_note, canceled) VALUES
    (DEFAULT, 15, $$2020-06-01 20:50:00-8:00$$, $$null$$, 0);
INSERT INTO showtimes (id, screenings_id, showtime, showtime_note, canceled) VALUES
    (DEFAULT, 15, $$2020-06-02 20:50:00-8:00$$, $$null$$, 0);
INSERT INTO showtimes (id, screenings_id, showtime, showtime_note, canceled) VALUES
    (DEFAULT, 15, $$2020-06-03 20:50:00-8:00$$, $$null$$, 0);
INSERT INTO showtimes (id, screenings_id, showtime, showtime_note, canceled) VALUES
    (DEFAULT, 15, $$2020-06-04 20:50:00-8:00$$, $$null$$, 0);
INSERT INTO showtimes (id, screenings_id, showtime, showtime_note, canceled) VALUES
    (DEFAULT, 16, $$2020-05-31 22:45:00-8:00$$, $$null$$, 0);
INSERT INTO showtimes (id, screenings_id, showtime, showtime_note, canceled) VALUES
    (DEFAULT, 16, $$2020-06-01 22:45:00-8:00$$, $$null$$, 0);
INSERT INTO showtimes (id, screenings_id, showtime, showtime_note, canceled) VALUES
    (DEFAULT, 16, $$2020-06-02 22:45:00-8:00$$, $$null$$, 0);
INSERT INTO showtimes (id, screenings_id, showtime, showtime_note, canceled) VALUES
    (DEFAULT, 16, $$2020-06-03 22:45:00-8:00$$, $$null$$, 0);
INSERT INTO showtimes (id, screenings_id, showtime, showtime_note, canceled) VALUES
    (DEFAULT, 16, $$2020-06-04 22:45:00-8:00$$, $$null$$, 0);
INSERT INTO screenings_series (screenings_id, series_id) VALUES
    (1, 1);
INSERT INTO screenings_series (screenings_id, series_id) VALUES
    (2, 1);
INSERT INTO screenings_series (screenings_id, series_id) VALUES
    (3, 1);
INSERT INTO screenings_series (screenings_id, series_id) VALUES
    (4, 1);
INSERT INTO screenings_series (screenings_id, series_id) VALUES
    (5, 1);
INSERT INTO screenings_series (screenings_id, series_id) VALUES
    (6, 1);
INSERT INTO screenings_series (screenings_id, series_id) VALUES
    (7, 1);
INSERT INTO screenings_series (screenings_id, series_id) VALUES
    (8, 1);
INSERT INTO screenings_series (screenings_id, series_id) VALUES
    (9, 1);
INSERT INTO screenings_series (screenings_id, series_id) VALUES
    (10, 1);
INSERT INTO screenings_series (screenings_id, series_id) VALUES
    (11, 1);
INSERT INTO screenings_series (screenings_id, series_id) VALUES
    (12, 1);
INSERT INTO screenings_series (screenings_id, series_id) VALUES
    (13, 1);
INSERT INTO screenings_series (screenings_id, series_id) VALUES
    (14, 1);
INSERT INTO screenings_series (screenings_id, series_id) VALUES
    (15, 1);
INSERT INTO screenings_series (screenings_id, series_id) VALUES
    (16, 1);




INSERT INTO screenings (id, movies_id, venues_id, screening_url, start_date, end_date, format, screening_note, canceled) VALUES
    (DEFAULT, 85, 5, $$https://www.westwinddi.com/locations/solano/movies/details?code=7772$$, $$2020-06-05$$, $$2020-06-11$$, $$DCP$$, $$Double Feature with Last Crusade$$, 0);
INSERT INTO showtimes (id, screenings_id, showtime, showtime_note, canceled) VALUES
    (DEFAULT, 17, $$2020-06-07 20:55:00-8:00$$, $$$$, 0);
INSERT INTO showtimes (id, screenings_id, showtime, showtime_note, canceled) VALUES
    (DEFAULT, 17, $$2020-06-08 20:55:00-8:00$$, $$$$, 0);
INSERT INTO showtimes (id, screenings_id, showtime, showtime_note, canceled) VALUES
    (DEFAULT, 17, $$2020-06-09 20:55:00-8:00$$, $$$$, 0);
INSERT INTO showtimes (id, screenings_id, showtime, showtime_note, canceled) VALUES
    (DEFAULT, 17, $$2020-06-10 20:55:00-8:00$$, $$$$, 0);
INSERT INTO showtimes (id, screenings_id, showtime, showtime_note, canceled) VALUES
    (DEFAULT, 13, $$2020-06-07 20:55:00-8:00$$, $$$$, 0);
INSERT INTO showtimes (id, screenings_id, showtime, showtime_note, canceled) VALUES
    (DEFAULT, 13, $$2020-06-08 20:55:00-8:00$$, $$$$, 0);
INSERT INTO showtimes (id, screenings_id, showtime, showtime_note, canceled) VALUES
    (DEFAULT, 13, $$2020-06-10 20:55:00-8:00$$, $$$$, 0);
INSERT INTO showtimes (id, screenings_id, showtime, showtime_note, canceled) VALUES
    (DEFAULT, 7, $$2020-06-07 20:55:00-8:00$$, $$$$, 0);
INSERT INTO showtimes (id, screenings_id, showtime, showtime_note, canceled) VALUES
    (DEFAULT, 7, $$2020-06-08 20:55:00-8:00$$, $$$$, 0);
INSERT INTO showtimes (id, screenings_id, showtime, showtime_note, canceled) VALUES
    (DEFAULT, 7, $$2020-06-09 20:55:00-8:00$$, $$$$, 0);
INSERT INTO showtimes (id, screenings_id, showtime, showtime_note, canceled) VALUES
    (DEFAULT, 7, $$2020-06-10 20:55:00-8:00$$, $$$$, 0);
INSERT INTO screenings (id, movies_id, venues_id, screening_url, start_date, end_date, format, screening_note, canceled) VALUES
    (DEFAULT, 514847, 6, $$https://www.westwinddi.com/locations/sacramento/movies/details?code=271023$$, $$2020-06-05$$, $$2020-06-11$$, $$DCP$$, $$Double feature with Invisible Man$$, 0);
INSERT INTO showtimes (id, screenings_id, showtime, showtime_note, canceled) VALUES
    (DEFAULT, 18, $$2020-06-07 20:55:00-8:00$$, $$$$, 0);
INSERT INTO showtimes (id, screenings_id, showtime, showtime_note, canceled) VALUES
    (DEFAULT, 18, $$2020-06-08 23:15:00-8:00$$, $$$$, 0);
INSERT INTO showtimes (id, screenings_id, showtime, showtime_note, canceled) VALUES
    (DEFAULT, 18, $$2020-06-09 20:55:00-8:00$$, $$$$, 0);
INSERT INTO showtimes (id, screenings_id, showtime, showtime_note, canceled) VALUES
    (DEFAULT, 18, $$2020-06-10 20:55:00-8:00$$, $$$$, 0);
INSERT INTO showtimes (id, screenings_id, showtime, showtime_note, canceled) VALUES
    (DEFAULT, 14, $$2020-06-07 22:50:00-8:00$$, $$$$, 0);
INSERT INTO showtimes (id, screenings_id, showtime, showtime_note, canceled) VALUES
    (DEFAULT, 14, $$2020-06-08 22:50:00-8:00$$, $$$$, 0);
INSERT INTO showtimes (id, screenings_id, showtime, showtime_note, canceled) VALUES
    (DEFAULT, 14, $$2020-06-10 22:50:00-8:00$$, $$$$, 0);
INSERT INTO showtimes (id, screenings_id, showtime, showtime_note, canceled) VALUES
    (DEFAULT, 8, $$2020-06-07 22:50:00-8:00$$, $$$$, 0);
INSERT INTO showtimes (id, screenings_id, showtime, showtime_note, canceled) VALUES
    (DEFAULT, 8, $$2020-06-08 22:50:00-8:00$$, $$$$, 0);
INSERT INTO showtimes (id, screenings_id, showtime, showtime_note, canceled) VALUES
    (DEFAULT, 8, $$2020-06-09 22:50:00-8:00$$, $$$$, 0);
INSERT INTO showtimes (id, screenings_id, showtime, showtime_note, canceled) VALUES
    (DEFAULT, 8, $$2020-06-10 22:50:00-8:00$$, $$$$, 0);
INSERT INTO screenings (id, movies_id, venues_id, screening_url, start_date, end_date, format, screening_note, canceled) VALUES
    (DEFAULT, 570670, 6, $$https://www.westwinddi.com/locations/sacramento/movies/details?code=293548$$, $$2020-06-05$$, $$2020-06-11$$, $$DCP$$, $$Double feature with The Hunt$$, 0);
INSERT INTO showtimes (id, screenings_id, showtime, showtime_note, canceled) VALUES
    (DEFAULT, 19, $$2020-06-07 22:50:00-8:00$$, $$$$, 0);
INSERT INTO showtimes (id, screenings_id, showtime, showtime_note, canceled) VALUES
    (DEFAULT, 19, $$2020-06-09 22:50:00-8:00$$, $$$$, 0);
INSERT INTO showtimes (id, screenings_id, showtime, showtime_note, canceled) VALUES
    (DEFAULT, 19, $$2020-06-10 22:50:00-8:00$$, $$$$, 0);
INSERT INTO screenings (id, movies_id, venues_id, screening_url, start_date, end_date, format, screening_note, canceled) VALUES
    (DEFAULT, 89, 5, $$https://www.westwinddi.com/locations/solano$$, $$2020-06-05$$, $$2020-06-11$$, $$DCP$$, $$$$, 0);
INSERT INTO showtimes (id, screenings_id, showtime, showtime_note, canceled) VALUES
    (DEFAULT, 20, $$2020-06-07 23:15:00-8:00$$, $$$$, 0);
INSERT INTO showtimes (id, screenings_id, showtime, showtime_note, canceled) VALUES
    (DEFAULT, 20, $$2020-06-08 23:15:00-8:00$$, $$$$, 0);
INSERT INTO showtimes (id, screenings_id, showtime, showtime_note, canceled) VALUES
    (DEFAULT, 20, $$2020-06-09 23:15:00-8:00$$, $$$$, 0);
INSERT INTO showtimes (id, screenings_id, showtime, showtime_note, canceled) VALUES
    (DEFAULT, 20, $$2020-06-10 23:15:00-8:00$$, $$$$, 0);
INSERT INTO showtimes (id, screenings_id, showtime, showtime_note, canceled) VALUES
    (DEFAULT, 15, $$2020-06-09 20:55:00-8:00$$, $$$$, 0);
INSERT INTO showtimes (id, screenings_id, showtime, showtime_note, canceled) VALUES
    (DEFAULT, 9, $$2020-06-08 22:45:00-8:00$$, $$$$, 0);
INSERT INTO showtimes (id, screenings_id, showtime, showtime_note, canceled) VALUES
    (DEFAULT, 9, $$2020-06-10 22:45:00-8:00$$, $$$$, 0);
INSERT INTO screenings (id, movies_id, venues_id, screening_url, start_date, end_date, format, screening_note, canceled) VALUES
    (DEFAULT, 446893, 6, $$https://www.westwinddi.com/locations/sacramento$$, $$2020-06-05$$, $$2020-06-11$$, $$DCP$$, $$$$, 0);
INSERT INTO showtimes (id, screenings_id, showtime, showtime_note, canceled) VALUES
    (DEFAULT, 21, $$2020-06-07 22:50:00-8:00$$, $$$$, 0);
INSERT INTO showtimes (id, screenings_id, showtime, showtime_note, canceled) VALUES
    (DEFAULT, 21, $$2020-06-08 22:50:00-8:00$$, $$$$, 0);
INSERT INTO showtimes (id, screenings_id, showtime, showtime_note, canceled) VALUES
    (DEFAULT, 21, $$2020-06-09 22:50:00-8:00$$, $$$$, 0);
INSERT INTO showtimes (id, screenings_id, showtime, showtime_note, canceled) VALUES
    (DEFAULT, 21, $$2020-06-10 22:50:00-8:00$$, $$$$, 0);
INSERT INTO screenings (id, movies_id, venues_id, screening_url, start_date, end_date, format, screening_note, canceled) VALUES
    (DEFAULT, 9502, 5, $$https://www.westwinddi.com/locations/solano$$, $$2020-06-05$$, $$2020-06-11$$, $$DCP$$, $$$$, 0);
INSERT INTO showtimes (id, screenings_id, showtime, showtime_note, canceled) VALUES
    (DEFAULT, 22, $$2020-06-09 22:50:00-8:00$$, $$$$, 0);
INSERT INTO screenings (id, movies_id, venues_id, screening_url, start_date, end_date, format, screening_note, canceled) VALUES
    (DEFAULT, 9502, 6, $$https://www.westwinddi.com/locations/sacramento$$, $$2020-06-05$$, $$2020-06-11$$, $$DCP$$, $$$$, 0);
INSERT INTO showtimes (id, screenings_id, showtime, showtime_note, canceled) VALUES
    (DEFAULT, 23, $$2020-06-07 20:55:00-8:00$$, $$$$, 0);
INSERT INTO showtimes (id, screenings_id, showtime, showtime_note, canceled) VALUES
    (DEFAULT, 23, $$2020-06-08 20:55:00-8:00$$, $$$$, 0);
INSERT INTO showtimes (id, screenings_id, showtime, showtime_note, canceled) VALUES
    (DEFAULT, 23, $$2020-06-09 20:55:00-8:00$$, $$$$, 0);
INSERT INTO showtimes (id, screenings_id, showtime, showtime_note, canceled) VALUES
    (DEFAULT, 23, $$2020-06-10 20:55:00-8:00$$, $$$$, 0);
INSERT INTO showtimes (id, screenings_id, showtime, showtime_note, canceled) VALUES
    (DEFAULT, 1, $$2020-06-07 20:55:00-8:00$$, $$$$, 0);
INSERT INTO showtimes (id, screenings_id, showtime, showtime_note, canceled) VALUES
    (DEFAULT, 1, $$2020-06-08 23:25:00-8:00$$, $$$$, 0);
INSERT INTO showtimes (id, screenings_id, showtime, showtime_note, canceled) VALUES
    (DEFAULT, 1, $$2020-06-09 20:55:00-8:00$$, $$$$, 0);
INSERT INTO showtimes (id, screenings_id, showtime, showtime_note, canceled) VALUES
    (DEFAULT, 1, $$2020-06-10 23:25:00-8:00$$, $$$$, 0);
INSERT INTO showtimes (id, screenings_id, showtime, showtime_note, canceled) VALUES
    (DEFAULT, 11, $$2020-06-07 20:55:00-8:00$$, $$$$, 0);
INSERT INTO showtimes (id, screenings_id, showtime, showtime_note, canceled) VALUES
    (DEFAULT, 11, $$2020-06-08 20:55:00-8:00$$, $$$$, 0);
INSERT INTO showtimes (id, screenings_id, showtime, showtime_note, canceled) VALUES
    (DEFAULT, 11, $$2020-06-09 20:55:00-8:00$$, $$$$, 0);
INSERT INTO showtimes (id, screenings_id, showtime, showtime_note, canceled) VALUES
    (DEFAULT, 11, $$2020-06-10 20:55:00-8:00$$, $$$$, 0);
INSERT INTO showtimes (id, screenings_id, showtime, showtime_note, canceled) VALUES
    (DEFAULT, 4, $$2020-06-07 20:55:00-8:00$$, $$$$, 0);
INSERT INTO showtimes (id, screenings_id, showtime, showtime_note, canceled) VALUES
    (DEFAULT, 4, $$2020-06-08 22:45:00-8:00$$, $$$$, 0);
INSERT INTO showtimes (id, screenings_id, showtime, showtime_note, canceled) VALUES
    (DEFAULT, 4, $$2020-06-09 20:55:00-8:00$$, $$$$, 0);
INSERT INTO showtimes (id, screenings_id, showtime, showtime_note, canceled) VALUES
    (DEFAULT, 4, $$2020-06-10 22:45:00-8:00$$, $$$$, 0);
INSERT INTO showtimes (id, screenings_id, showtime, showtime_note, canceled) VALUES
    (DEFAULT, 5, $$2020-06-07 20:55:00-8:00$$, $$$$, 0);
INSERT INTO showtimes (id, screenings_id, showtime, showtime_note, canceled) VALUES
    (DEFAULT, 5, $$2020-06-08 20:55:00-8:00$$, $$$$, 0);
INSERT INTO showtimes (id, screenings_id, showtime, showtime_note, canceled) VALUES
    (DEFAULT, 5, $$2020-06-09 20:55:00-8:00$$, $$$$, 0);
INSERT INTO showtimes (id, screenings_id, showtime, showtime_note, canceled) VALUES
    (DEFAULT, 5, $$2020-06-10 20:55:00-8:00$$, $$$$, 0);
INSERT INTO showtimes (id, screenings_id, showtime, showtime_note, canceled) VALUES
    (DEFAULT, 3, $$2020-06-07 22:50:00-8:00$$, $$$$, 0);
INSERT INTO showtimes (id, screenings_id, showtime, showtime_note, canceled) VALUES
    (DEFAULT, 3, $$2020-06-08 20:55:00-8:00$$, $$$$, 0);
INSERT INTO showtimes (id, screenings_id, showtime, showtime_note, canceled) VALUES
    (DEFAULT, 3, $$2020-06-09 22:45:00-8:00$$, $$$$, 0);
INSERT INTO showtimes (id, screenings_id, showtime, showtime_note, canceled) VALUES
    (DEFAULT, 3, $$2020-06-10 20:55:00-8:00$$, $$$$, 0);
INSERT INTO showtimes (id, screenings_id, showtime, showtime_note, canceled) VALUES
    (DEFAULT, 6, $$2020-06-07 23:10:00-8:00$$, $$$$, 0);
INSERT INTO showtimes (id, screenings_id, showtime, showtime_note, canceled) VALUES
    (DEFAULT, 6, $$2020-06-08 23:10:00-8:00$$, $$$$, 0);
INSERT INTO showtimes (id, screenings_id, showtime, showtime_note, canceled) VALUES
    (DEFAULT, 6, $$2020-06-09 23:10:00-8:00$$, $$$$, 0);
INSERT INTO showtimes (id, screenings_id, showtime, showtime_note, canceled) VALUES
    (DEFAULT, 6, $$2020-06-10 23:10:00-8:00$$, $$$$, 0);
INSERT INTO screenings (id, movies_id, venues_id, screening_url, start_date, end_date, format, screening_note, canceled) VALUES
    (DEFAULT, 338967, 7, $$https://www.lakeportautomovies.com/$$, $$2020-06-05$$, $$2020-06-11$$, $$DCP$$, $$$$, 0);
INSERT INTO showtimes (id, screenings_id, showtime, showtime_note, canceled) VALUES
    (DEFAULT, 24, $$2020-06-09 21:00:00-8:00$$, $$$$, 0);
INSERT INTO showtimes (id, screenings_id, showtime, showtime_note, canceled) VALUES
    (DEFAULT, 24, $$2020-06-10 21:00:00-8:00$$, $$$$, 0);
INSERT INTO showtimes (id, screenings_id, showtime, showtime_note, canceled) VALUES
    (DEFAULT, 2, $$2020-06-07 23:15:00-8:00$$, $$$$, 0);
INSERT INTO showtimes (id, screenings_id, showtime, showtime_note, canceled) VALUES
    (DEFAULT, 2, $$2020-06-08 20:55:00-8:00$$, $$$$, 0);
INSERT INTO showtimes (id, screenings_id, showtime, showtime_note, canceled) VALUES
    (DEFAULT, 2, $$2020-06-09 23:15:00-8:00$$, $$$$, 0);
INSERT INTO showtimes (id, screenings_id, showtime, showtime_note, canceled) VALUES
    (DEFAULT, 2, $$2020-06-10 20:55:00-8:00$$, $$$$, 0);
INSERT INTO showtimes (id, screenings_id, showtime, showtime_note, canceled) VALUES
    (DEFAULT, 12, $$2020-06-07 23:25:00-8:00$$, $$$$, 0);
INSERT INTO showtimes (id, screenings_id, showtime, showtime_note, canceled) VALUES
    (DEFAULT, 12, $$2020-06-08 23:25:00-8:00$$, $$$$, 0);
INSERT INTO showtimes (id, screenings_id, showtime, showtime_note, canceled) VALUES
    (DEFAULT, 12, $$2020-06-09 23:25:00-8:00$$, $$$$, 0);
INSERT INTO showtimes (id, screenings_id, showtime, showtime_note, canceled) VALUES
    (DEFAULT, 12, $$2020-06-10 23:25:00-8:00$$, $$$$, 0);
INSERT INTO showtimes (id, screenings_id, showtime, showtime_note, canceled) VALUES
    (DEFAULT, 10, $$2020-06-08 20:55:00-8:00$$, $$$$, 0);
INSERT INTO showtimes (id, screenings_id, showtime, showtime_note, canceled) VALUES
    (DEFAULT, 10, $$2020-06-10 20:55:00-8:00$$, $$$$, 0);
INSERT INTO screenings (id, movies_id, venues_id, screening_url, start_date, end_date, format, screening_note, canceled) VALUES
    (DEFAULT, 1858, 6, $$https://www.westwinddi.com/locations/sacramento$$, $$2020-06-05$$, $$2020-06-11$$, $$DCP$$, $$$$, 0);
INSERT INTO showtimes (id, screenings_id, showtime, showtime_note, canceled) VALUES
    (DEFAULT, 25, $$2020-06-07 20:55:00-8:00$$, $$$$, 0);
INSERT INTO showtimes (id, screenings_id, showtime, showtime_note, canceled) VALUES
    (DEFAULT, 25, $$2020-06-08 20:55:00-8:00$$, $$$$, 0);
INSERT INTO showtimes (id, screenings_id, showtime, showtime_note, canceled) VALUES
    (DEFAULT, 25, $$2020-06-09 20:55:00-8:00$$, $$$$, 0);
INSERT INTO showtimes (id, screenings_id, showtime, showtime_note, canceled) VALUES
    (DEFAULT, 25, $$2020-06-10 20:55:00-8:00$$, $$$$, 0);
INSERT INTO screenings (id, movies_id, venues_id, screening_url, start_date, end_date, format, screening_note, canceled) VALUES
    (DEFAULT, 429617, 6, $$https://www.westwinddi.com/locations/sacramento$$, $$2020-06-05$$, $$2020-06-11$$, $$DCP$$, $$$$, 0);
INSERT INTO showtimes (id, screenings_id, showtime, showtime_note, canceled) VALUES
    (DEFAULT, 26, $$2020-06-07 20:55:00-8:00$$, $$$$, 0);
INSERT INTO showtimes (id, screenings_id, showtime, showtime_note, canceled) VALUES
    (DEFAULT, 26, $$2020-06-08 23:20:00-8:00$$, $$$$, 0);
INSERT INTO showtimes (id, screenings_id, showtime, showtime_note, canceled) VALUES
    (DEFAULT, 26, $$2020-06-09 20:55:00-8:00$$, $$$$, 0);
INSERT INTO showtimes (id, screenings_id, showtime, showtime_note, canceled) VALUES
    (DEFAULT, 26, $$2020-06-10 20:55:00-8:00$$, $$$$, 0);
INSERT INTO screenings (id, movies_id, venues_id, screening_url, start_date, end_date, format, screening_note, canceled) VALUES
    (DEFAULT, 533642, 6, $$https://www.westwinddi.com/locations/sacramento$$, $$2020-06-05$$, $$2020-06-11$$, $$DCP$$, $$$$, 0);
INSERT INTO showtimes (id, screenings_id, showtime, showtime_note, canceled) VALUES
    (DEFAULT, 27, $$2020-06-07 20:55:00-8:00$$, $$$$, 0);
INSERT INTO showtimes (id, screenings_id, showtime, showtime_note, canceled) VALUES
    (DEFAULT, 27, $$2020-06-08 23:00:00-8:00$$, $$$$, 0);
INSERT INTO showtimes (id, screenings_id, showtime, showtime_note, canceled) VALUES
    (DEFAULT, 27, $$2020-06-09 20:55:00-8:00$$, $$$$, 0);
INSERT INTO showtimes (id, screenings_id, showtime, showtime_note, canceled) VALUES
    (DEFAULT, 27, $$2020-06-10 23:00:00-8:00$$, $$$$, 0);
INSERT INTO screenings (id, movies_id, venues_id, screening_url, start_date, end_date, format, screening_note, canceled) VALUES
    (DEFAULT, 711696, 6, $$https://www.westwinddi.com/locations/sacramento$$, $$2020-06-05$$, $$2020-06-11$$, $$DCP$$, $$$$, 0);
INSERT INTO showtimes (id, screenings_id, showtime, showtime_note, canceled) VALUES
    (DEFAULT, 28, $$2020-06-07 20:55:00-8:00$$, $$$$, 0);
INSERT INTO showtimes (id, screenings_id, showtime, showtime_note, canceled) VALUES
    (DEFAULT, 28, $$2020-06-08 01:15:00-8:00$$, $$$$, 0);
INSERT INTO showtimes (id, screenings_id, showtime, showtime_note, canceled) VALUES
    (DEFAULT, 28, $$2020-06-08 20:55:00-8:00$$, $$$$, 0);
INSERT INTO showtimes (id, screenings_id, showtime, showtime_note, canceled) VALUES
    (DEFAULT, 28, $$2020-06-09 20:55:00-8:00$$, $$$$, 0);
INSERT INTO showtimes (id, screenings_id, showtime, showtime_note, canceled) VALUES
    (DEFAULT, 28, $$2020-06-10 20:55:00-8:00$$, $$$$, 0);
INSERT INTO screenings (id, movies_id, venues_id, screening_url, start_date, end_date, format, screening_note, canceled) VALUES
    (DEFAULT, 502416, 6, $$https://www.westwinddi.com/locations/sacramento$$, $$2020-06-05$$, $$2020-06-11$$, $$DCP$$, $$$$, 0);
INSERT INTO showtimes (id, screenings_id, showtime, showtime_note, canceled) VALUES
    (DEFAULT, 29, $$2020-06-07 22:50:00-8:00$$, $$$$, 0);
INSERT INTO showtimes (id, screenings_id, showtime, showtime_note, canceled) VALUES
    (DEFAULT, 29, $$2020-06-08 20:55:00-8:00$$, $$$$, 0);
INSERT INTO showtimes (id, screenings_id, showtime, showtime_note, canceled) VALUES
    (DEFAULT, 29, $$2020-06-09 22:50:00-8:00$$, $$$$, 0);
INSERT INTO showtimes (id, screenings_id, showtime, showtime_note, canceled) VALUES
    (DEFAULT, 29, $$2020-06-10 20:55:00-8:00$$, $$$$, 0);
INSERT INTO screenings (id, movies_id, venues_id, screening_url, start_date, end_date, format, screening_note, canceled) VALUES
    (DEFAULT, 1584, 6, $$https://www.westwinddi.com/locations/sacramento$$, $$2020-06-05$$, $$2020-06-11$$, $$DCP$$, $$$$, 0);
INSERT INTO showtimes (id, screenings_id, showtime, showtime_note, canceled) VALUES
    (DEFAULT, 30, $$2020-06-07 23:00:00-8:00$$, $$$$, 0);
INSERT INTO showtimes (id, screenings_id, showtime, showtime_note, canceled) VALUES
    (DEFAULT, 30, $$2020-06-08 23:00:00-8:00$$, $$$$, 0);
INSERT INTO showtimes (id, screenings_id, showtime, showtime_note, canceled) VALUES
    (DEFAULT, 30, $$2020-06-09 23:00:00-8:00$$, $$$$, 0);
INSERT INTO showtimes (id, screenings_id, showtime, showtime_note, canceled) VALUES
    (DEFAULT, 30, $$2020-06-10 23:00:00-8:00$$, $$$$, 0);
INSERT INTO screenings (id, movies_id, venues_id, screening_url, start_date, end_date, format, screening_note, canceled) VALUES
    (DEFAULT, 512200, 6, $$https://www.westwinddi.com/locations/sacramento$$, $$2020-06-05$$, $$2020-06-11$$, $$DCP$$, $$$$, 0);
INSERT INTO showtimes (id, screenings_id, showtime, showtime_note, canceled) VALUES
    (DEFAULT, 31, $$2020-06-07 23:30:00-8:00$$, $$$$, 0);
INSERT INTO showtimes (id, screenings_id, showtime, showtime_note, canceled) VALUES
    (DEFAULT, 31, $$2020-06-09 23:20:00-8:00$$, $$$$, 0);
INSERT INTO showtimes (id, screenings_id, showtime, showtime_note, canceled) VALUES
    (DEFAULT, 31, $$2020-06-10 23:20:00-8:00$$, $$$$, 0);
INSERT INTO screenings (id, movies_id, venues_id, screening_url, start_date, end_date, format, screening_note, canceled) VALUES
    (DEFAULT, 512200, 7, $$https://www.lakeportautomovies.com/$$, $$2020-06-05$$, $$2020-06-11$$, $$DCP$$, $$$$, 0);
INSERT INTO showtimes (id, screenings_id, showtime, showtime_note, canceled) VALUES
    (DEFAULT, 32, $$2020-06-07 21:00:00-8:00$$, $$$$, 0);
INSERT INTO screenings (id, movies_id, venues_id, screening_url, start_date, end_date, format, screening_note, canceled) VALUES
    (DEFAULT, 8373, 6, $$https://www.westwinddi.com/locations/sacramento$$, $$2020-06-05$$, $$2020-06-11$$, $$DCP$$, $$$$, 0);
INSERT INTO showtimes (id, screenings_id, showtime, showtime_note, canceled) VALUES
    (DEFAULT, 33, $$2020-06-07 23:45:00-8:00$$, $$$$, 0);
INSERT INTO showtimes (id, screenings_id, showtime, showtime_note, canceled) VALUES
    (DEFAULT, 33, $$2020-06-08 23:45:00-8:00$$, $$$$, 0);
INSERT INTO showtimes (id, screenings_id, showtime, showtime_note, canceled) VALUES
    (DEFAULT, 33, $$2020-06-09 23:45:00-8:00$$, $$$$, 0);
INSERT INTO showtimes (id, screenings_id, showtime, showtime_note, canceled) VALUES
    (DEFAULT, 33, $$2020-06-10 23:45:00-8:00$$, $$$$, 0);
INSERT INTO screenings (id, movies_id, venues_id, screening_url, start_date, end_date, format, screening_note, canceled) VALUES
    (DEFAULT, 324857, 6, $$https://www.westwinddi.com/locations/sacramento$$, $$2020-06-05$$, $$2020-06-11$$, $$DCP$$, $$$$, 0);
INSERT INTO showtimes (id, screenings_id, showtime, showtime_note, canceled) VALUES
    (DEFAULT, 34, $$2020-06-08 20:55:00-8:00$$, $$$$, 0);
INSERT INTO screenings (id, movies_id, venues_id, screening_url, start_date, end_date, format, screening_note, canceled) VALUES
    (DEFAULT, 38700, 7, $$https://www.lakeportautomovies.com/$$, $$2020-06-05$$, $$2020-06-11$$, $$DCP$$, $$$$, 0);
INSERT INTO showtimes (id, screenings_id, showtime, showtime_note, canceled) VALUES
    (DEFAULT, 35, $$2020-06-08 21:00:00-8:00$$, $$$$, 0);
INSERT INTO screenings (id, movies_id, venues_id, screening_url, start_date, end_date, format, screening_note, canceled) VALUES
    (DEFAULT, 621, 7, $$https://www.lakeportautomovies.com/$$, $$2020-06-05$$, $$2020-06-11$$, $$DCP$$, $$$$, 0);
INSERT INTO showtimes (id, screenings_id, showtime, showtime_note, canceled) VALUES
    (DEFAULT, 36, $$2020-06-11 21:00:00-8:00$$, $$$$, 0);
INSERT INTO screenings_series (screenings_id, series_id) VALUES
    (16, 1);
INSERT INTO screenings_series (screenings_id, series_id) VALUES
    (17, 1);
INSERT INTO screenings_series (screenings_id, series_id) VALUES
    (18, 1);
INSERT INTO screenings_series (screenings_id, series_id) VALUES
    (19, 1);
INSERT INTO screenings_series (screenings_id, series_id) VALUES
    (20, 1);
INSERT INTO screenings_series (screenings_id, series_id) VALUES
    (21, 1);
INSERT INTO screenings_series (screenings_id, series_id) VALUES
    (22, 1);
INSERT INTO screenings_series (screenings_id, series_id) VALUES
    (23, 1);
INSERT INTO screenings_series (screenings_id, series_id) VALUES
    (24, 1);
INSERT INTO screenings_series (screenings_id, series_id) VALUES
    (25, 1);
INSERT INTO screenings_series (screenings_id, series_id) VALUES
    (26, 1);
INSERT INTO screenings_series (screenings_id, series_id) VALUES
    (27, 1);
INSERT INTO screenings_series (screenings_id, series_id) VALUES
    (28, 1);
INSERT INTO screenings_series (screenings_id, series_id) VALUES
    (29, 1);
INSERT INTO screenings_series (screenings_id, series_id) VALUES
    (30, 1);
INSERT INTO screenings_series (screenings_id, series_id) VALUES
    (31, 1);
INSERT INTO screenings_series (screenings_id, series_id) VALUES
    (32, 1);
INSERT INTO screenings_series (screenings_id, series_id) VALUES
    (33, 1);
INSERT INTO screenings_series (screenings_id, series_id) VALUES
    (34, 1);
INSERT INTO screenings_series (screenings_id, series_id) VALUES
    (35, 1);
INSERT INTO screenings_series (screenings_id, series_id) VALUES
    (36, 1);


UPDATE screenings SET end_date = $$2020-06-11$$ WHERE id = 13;
UPDATE screenings SET end_date = $$2020-06-11$$ WHERE id = 7;
UPDATE screenings SET end_date = $$2020-06-11$$ WHERE id = 14;
UPDATE screenings SET end_date = $$2020-06-11$$ WHERE id = 8;
UPDATE screenings SET end_date = $$2020-06-11$$ WHERE id = 15;
UPDATE screenings SET end_date = $$2020-06-11$$ WHERE id = 9;
UPDATE screenings SET end_date = $$2020-06-11$$ WHERE id = 1;
UPDATE screenings SET end_date = $$2020-06-11$$ WHERE id = 11;
UPDATE screenings SET end_date = $$2020-06-11$$ WHERE id = 4;
UPDATE screenings SET end_date = $$2020-06-11$$ WHERE id = 5;
UPDATE screenings SET end_date = $$2020-06-11$$ WHERE id = 3;
UPDATE screenings SET end_date = $$2020-06-11$$ WHERE id = 6;
UPDATE screenings SET end_date = $$2020-06-11$$ WHERE id = 2;
UPDATE screenings SET end_date = $$2020-06-11$$ WHERE id = 12;
UPDATE screenings SET end_date = $$2020-06-11$$ WHERE id = 10;

UPDATE screenings SET canceled = 0 WHERE id = 1;
UPDATE screenings SET canceled = 0 WHERE id = 2;
UPDATE screenings SET canceled = 0 WHERE id = 3;
UPDATE screenings SET canceled = 0 WHERE id = 4;
UPDATE screenings SET canceled = 0 WHERE id = 5;
UPDATE screenings SET canceled = 0 WHERE id = 6;
UPDATE screenings SET canceled = 0 WHERE id = 7;
UPDATE screenings SET canceled = 0 WHERE id = 8;
UPDATE screenings SET canceled = 0 WHERE id = 9;
UPDATE screenings SET canceled = 0 WHERE id = 10;
UPDATE screenings SET canceled = 0 WHERE id = 11;

INSERT INTO featured_films (id, screenings_id, ondate, featured_image, author, article) VALUES
    (DEFAULT, 14, $$2020-06-05$$, $$https://storage.googleapis.com/filmcans/5DM1JEWvxJKORSjKTWjRwmLKIzu.jpg$$, $$Omar Rodriguez$$, $$Today's pick is The Invisible Man, playing as a double feature with The Hunt at the Solano Drive In$$);
INSERT INTO featured_films (id, screenings_id, ondate, featured_image, author, article) VALUES
    (DEFAULT, 14, $$2020-06-06$$, $$https://storage.googleapis.com/filmcans/5DM1JEWvxJKORSjKTWjRwmLKIzu.jpg$$, $$Omar Rodriguez$$, $$Today's pick is The Invisible Man, playing as a double feature with The Hunt at the Solano Drive In$$);
INSERT INTO featured_films (id, screenings_id, ondate, featured_image, author, article) VALUES
    (DEFAULT, 14, $$2020-06-07$$, $$https://storage.googleapis.com/filmcans/5DM1JEWvxJKORSjKTWjRwmLKIzu.jpg$$, $$Omar Rodriguez$$, $$Today's pick is The Invisible Man, playing as a double feature with The Hunt at the Solano Drive In$$);
INSERT INTO featured_films (id, screenings_id, ondate, featured_image, author, article) VALUES
    (DEFAULT, 14, $$2020-06-08$$, $$https://storage.googleapis.com/filmcans/5DM1JEWvxJKORSjKTWjRwmLKIzu.jpg$$, $$Omar Rodriguez$$, $$Today's pick is The Invisible Man, playing as a double feature with The Hunt at the Solano Drive In$$);
INSERT INTO featured_films (id, screenings_id, ondate, featured_image, author, article) VALUES
    (DEFAULT, 14, $$2020-06-09$$, $$https://storage.googleapis.com/filmcans/5DM1JEWvxJKORSjKTWjRwmLKIzu.jpg$$, $$Omar Rodriguez$$, $$Today's pick is The Invisible Man, playing as a double feature with The Hunt at the Solano Drive In$$);
INSERT INTO featured_films (id, screenings_id, ondate, featured_image, author, article) VALUES
    (DEFAULT, 14, $$2020-06-10$$, $$https://storage.googleapis.com/filmcans/5DM1JEWvxJKORSjKTWjRwmLKIzu.jpg$$, $$Omar Rodriguez$$, $$Today's pick is The Invisible Man, playing as a double feature with The Hunt at the Solano Drive In$$);
INSERT INTO featured_films (id, screenings_id, ondate, featured_image, author, article) VALUES
    (DEFAULT, 14, $$2020-06-11$$, $$https://storage.googleapis.com/filmcans/5DM1JEWvxJKORSjKTWjRwmLKIzu.jpg$$, $$Omar Rodriguez$$, $$Today's pick is The Invisible Man, playing as a double feature with The Hunt at the Solano Drive In$$);
INSERT INTO featured_films (id, screenings_id, ondate, featured_image, author, article) VALUES
    (DEFAULT, 14, $$2020-05-31$$, $$https://storage.googleapis.com/filmcans/5DM1JEWvxJKORSjKTWjRwmLKIzu.jpg$$, $$Omar Rodriguez$$, $$The only place to catch a movie in the Bay Area is in Concord, as San Jose is currently under nightly curfew until the end of the week. The two screens at the Solano Drive-In play four movies, very dark tales for adults and more hopeful cartoons about friendship for the kids. Our pick is The Invisible Man, playing as a double feature with The Hunt. $$);
INSERT INTO featured_films (id, screenings_id, ondate, featured_image, author, article) VALUES
    (DEFAULT, 14, $$2020-06-01$$, $$https://storage.googleapis.com/filmcans/5DM1JEWvxJKORSjKTWjRwmLKIzu.jpg$$, $$Omar Rodriguez$$, $$The only place to catch a movie in the Bay Area is in Concord, as San Jose is currently under nightly curfew until the end of the week. The two screens at the Solano Drive-In play four movies, very dark tales for adults and more hopeful cartoons about friendship for the kids. Our pick is The Invisible Man, playing as a double feature with The Hunt. $$);
INSERT INTO featured_films (id, screenings_id, ondate, featured_image, author, article) VALUES
    (DEFAULT, 14, $$2020-06-02$$, $$https://storage.googleapis.com/filmcans/5DM1JEWvxJKORSjKTWjRwmLKIzu.jpg$$, $$Omar Rodriguez$$, $$The only place to catch a movie in the Bay Area is in Concord, as San Jose is currently under nightly curfew until the end of the week. The two screens at the Solano Drive-In play four movies, very dark tales for adults and more hopeful cartoons about friendship for the kids. Our pick is The Invisible Man, playing as a double feature with The Hunt. $$);
INSERT INTO featured_films (id, screenings_id, ondate, featured_image, author, article) VALUES
    (DEFAULT, 14, $$2020-06-03$$, $$https://storage.googleapis.com/filmcans/5DM1JEWvxJKORSjKTWjRwmLKIzu.jpg$$, $$Omar Rodriguez$$, $$The only place to catch a movie in the Bay Area is in Concord, as San Jose is currently under nightly curfew until the end of the week. The two screens at the Solano Drive-In play four movies, very dark tales for adults and more hopeful cartoons about friendship for the kids. Our pick is The Invisible Man, playing as a double feature with The Hunt. $$);
INSERT INTO featured_films (id, screenings_id, ondate, featured_image, author, article) VALUES
    (DEFAULT, 14, $$2020-06-04$$, $$https://storage.googleapis.com/filmcans/5DM1JEWvxJKORSjKTWjRwmLKIzu.jpg$$, $$Omar Rodriguez$$, $$The only place to catch a movie in the Bay Area is in Concord, as San Jose is currently under nightly curfew until the end of the week. The two screens at the Solano Drive-In play four movies, very dark tales for adults and more hopeful cartoons about friendship for the kids. Our pick is The Invisible Man, playing as a double feature with The Hunt. $$);
INSERT INTO featured_films (id, screenings_id, ondate, featured_image, author, article) VALUES
    (DEFAULT, 14, $$2020-06-05$$, $$https://storage.googleapis.com/filmcans/5DM1JEWvxJKORSjKTWjRwmLKIzu.jpg$$, $$Omar Rodriguez$$, $$Today's pick is The Invisible Man, playing as a double feature with The Hunt at the Solano Drive In$$);
INSERT INTO featured_films (id, screenings_id, ondate, featured_image, author, article) VALUES
    (DEFAULT, 14, $$2020-06-06$$, $$https://storage.googleapis.com/filmcans/5DM1JEWvxJKORSjKTWjRwmLKIzu.jpg$$, $$Omar Rodriguez$$, $$Today's pick is The Invisible Man, playing as a double feature with The Hunt at the Solano Drive In$$);
INSERT INTO featured_films (id, screenings_id, ondate, featured_image, author, article) VALUES
    (DEFAULT, 14, $$2020-06-07$$, $$https://storage.googleapis.com/filmcans/5DM1JEWvxJKORSjKTWjRwmLKIzu.jpg$$, $$Omar Rodriguez$$, $$Today's pick is The Invisible Man, playing as a double feature with The Hunt at the Solano Drive In$$);
INSERT INTO featured_films (id, screenings_id, ondate, featured_image, author, article) VALUES
    (DEFAULT, 14, $$2020-06-08$$, $$https://storage.googleapis.com/filmcans/5DM1JEWvxJKORSjKTWjRwmLKIzu.jpg$$, $$Omar Rodriguez$$, $$Today's pick is The Invisible Man, playing as a double feature with The Hunt at the Solano Drive In$$);
INSERT INTO featured_films (id, screenings_id, ondate, featured_image, author, article) VALUES
    (DEFAULT, 14, $$2020-06-09$$, $$https://storage.googleapis.com/filmcans/5DM1JEWvxJKORSjKTWjRwmLKIzu.jpg$$, $$Omar Rodriguez$$, $$Today's pick is The Invisible Man, playing as a double feature with The Hunt at the Solano Drive In$$);
INSERT INTO featured_films (id, screenings_id, ondate, featured_image, author, article) VALUES
    (DEFAULT, 14, $$2020-06-10$$, $$https://storage.googleapis.com/filmcans/5DM1JEWvxJKORSjKTWjRwmLKIzu.jpg$$, $$Omar Rodriguez$$, $$Today's pick is The Invisible Man, playing as a double feature with The Hunt at the Solano Drive In$$);
INSERT INTO featured_films (id, screenings_id, ondate, featured_image, author, article) VALUES
    (DEFAULT, 14, $$2020-06-11$$, $$https://storage.googleapis.com/filmcans/5DM1JEWvxJKORSjKTWjRwmLKIzu.jpg$$, $$Omar Rodriguez$$, $$Today's pick is The Invisible Man, playing as a double feature with The Hunt at the Solano Drive In$$);