INSERT INTO venues (id, title, short_title, city, venue_description, address, currently_open) VALUES
    (DEFAULT, $$San Francisco Musuem of Modern Art$$, $$SF MOMA$$, $$San Francisco$$, $$"The San Francisco Museum of Modern Art (SFMOMA) is a modern art museum located in San Francisco, California. A nonprofit organization, SFMOMA holds an internationally recognized collection of modern and contemporary art, and was the first museum on the West Coast devoted solely to 20th-century art."$$, $$151 3rd St, San Francisco, CA 94103$$, 1);
INSERT INTO venues (id, title, short_title, city, venue_description, address, currently_open) VALUES
    (DEFAULT, $$Castro Theater$$, $$Castro Theater$$, $$San Francisco$$, $$"The Castro Theatre is a popular San Francisco movie palace."$$, $$429 Castro St, San Francisco, CA 94114$$, 1);
INSERT INTO venues (id, title, short_title, city, venue_description, address, currently_open) VALUES
    (DEFAULT, $$Roxie Theater$$, $$Roxie Theater$$, $$San Francisco$$, $$"The Roxie Theater, a San Francisco landmark in the Mission District, brings people together to meet and connect through distinctive cinematic experiences. Guided by the passionate belief that engaging with a movie doesn’t end with the credits, we invite filmmakers, curators, entertainers and educators to interact with our audiences. We provide inspiration and opportunity for the next generation, and serve as a forum for the independent film community reflecting the spirit of the diverse Bay Area population. We are a 501(c)(3) nonprofit organization."$$, $$3117 16th St, San Francisco, CA 94103$$, 1);
INSERT INTO venues (id, title, short_title, city, venue_description, address, currently_open) VALUES
    (DEFAULT, $$West Wind Capitol 6 Drive-In$$, $$West Wind Capitol Drive-In$$, $$San Jose$$, $$"This retro drive-in movie theater screens the latest releases & pipes sound into cars via FM radio."$$, $$3630 Hillcap Ave, San Jose, CA 95136$$, 1);
INSERT INTO venues (id, title, short_title, city, venue_description, address, currently_open) VALUES
    (DEFAULT, $$West Wind Solano 2 Drive-In$$, $$West Wind Solano Drive-In$$, $$Concord$$, $$"This drive-in movie theater also offers a concession stand for snacks & a playground for kids."$$, $$1611 Solano Way, Concord, CA 94520$$, 1);
INSERT INTO venues (id, title, short_title, city, venue_description, address, currently_open) VALUES
    (DEFAULT, $$West Wind Sacramento 6 Drive-In$$, $$West Wind Sacramento Drive-In$$, $$Sacramento$$, $$"This retro drive-in movie theater screens the latest releases & pipes sound into cars via FM radio."$$, $$9616 Oates Dr, Sacramento, CA 95827$$, 1);
INSERT INTO venues (id, title, short_title, city, venue_description, address, currently_open) VALUES
    (DEFAULT, $$Lakeport Auto Movies$$, $$Lakeport Auto Movies$$, $$Lakeport$$, $$"Vintage drive-in theater offering double-feature mainstream movies, plus a snack bar."$$, $$52 Soda Bay Rd, Lakeport, CA 95453$$, 1);
INSERT INTO venues (id, title, short_title, city, venue_description, address, currently_open) VALUES
    (DEFAULT, $$Balboa Theatre$$, $$Balboa Theatre$$, $$San Francisco$$, $$"Longtime independent cinema with a mix of Hollywood blockbusters, indie fare & special screenings."$$, $$3630 Balboa St, San Francisco, CA 94121$$, 1);
INSERT INTO venues (id, title, short_title, city, venue_description, address, currently_open) VALUES
    (DEFAULT, $$Artists' Television Access$$, $$ATA$$, $$San Francisco$$, $$"Artists’ Television Access is a San Francisco-based, artist-run, non-profit organization that cultivates and promotes culturally-aware, underground media and experimental art. We provide an accessible screening venue and gallery for the presentation of programmed and guest-curated screenings, exhibitions, performances, workshops and events. We believe in fostering a supportive community for the exhibition of innovative art and the exchange of non-conformist ideas."$$, $$992 Valencia St, San Francisco, CA 94110$$, 1);
INSERT INTO venues (id, title, short_title, city, venue_description, address, currently_open) VALUES
    (DEFAULT, $$Alamo Drafthouse Cinema New Mission$$, $$New Mission$$, $$San Francisco$$, $$"Stylish theater chain for new & classic films features cocktails & creative bites served seat-side."$$, $$2550 Mission St, San Francisco, CA 94110$$, 1);



INSERT INTO movies (id, title, director, year, runtime, synopsis) VALUES
    (601, $$E.T. the Extra-Terrestrial$$, $$Steven Spielberg$$, 1982, 115, $$"After a gentle alien becomes stranded on Earth, the being is discovered and befriended by a young boy named Elliott. Bringing the extraterrestrial into his suburban California house, Elliott introduces E.T., as the alien is dubbed, to his brother and his little sister, Gertie, and the children decide to keep its existence a secret. Soon, however, E.T. falls ill, resulting in government intervention and a dire situation for both Elliott and the alien."$$);
INSERT INTO movies (id, title, director, year, runtime, synopsis) VALUES
    (329, $$Jurassic Park$$, $$Steven Spielberg$$, 1993, 127, $$"A wealthy entrepreneur secretly creates a theme park featuring living dinosaurs drawn from prehistoric DNA. Before opening day, he invites a team of experts and his two eager grandchildren to experience the park and help calm anxious investors. However, the park is anything but amusing as the security systems go off-line and the dinosaurs escape."$$);
INSERT INTO movies (id, title, director, year, runtime, synopsis) VALUES
    (555974, $$Brahms: The Boy II$$, $$William Brent Bell$$, 2020, 86, $$"After a family moves into the Heelshire Mansion, their young son soon makes friends with a life-like doll called Brahms."$$);
INSERT INTO movies (id, title, director, year, runtime, synopsis) VALUES
    (542224, $$Gretel & Hansel$$, $$Oz Perkins$$, 2020, 87, $$"A long time ago in a distant fairy tale countryside, a young girl leads her little brother into a dark wood in desperate search of food and work, only to stumble upon a nexus of terrifying evil."$$);
INSERT INTO movies (id, title, director, year, runtime, synopsis) VALUES
    (27322, $$Love Jones$$, $$Theodore Witcher$$, 1997, 104, $$"Darius Lovehall is a young black poet in Chicago who starts dating Nina Moseley, a beautiful and talented photographer. While trying to figure out if they've got a \"love thing\" or are just \"kicking it,\" they hang out with their friends, talking about love and sex. Then Nina tests the strength of Darius' feelings and sets a chain of romantic complications into motion."$$);
INSERT INTO movies (id, title, director, year, runtime, synopsis) VALUES
    (361292, $$Suspiria$$, $$Dario Argento$$, 1977, 152, $$"A darkness swirls at the center of a world-renowned dance company, one that will engulf the troupe's artistic director, an ambitious young dancer and a grieving psychotherapist. Some will succumb to the nightmare, others will finally wake up."$$);
INSERT INTO movies (id, title, director, year, runtime, synopsis) VALUES
    (324857, $$Spider-Man: Into the Spider-Verse$$, $$Rodney Rothman$$, 2018, 117, $$"Miles Morales is juggling his life between being a high school student and being a spider-man. When Wilson \"Kingpin\" Fisk uses a super collider, others from across the Spider-Verse are transported to this dimension."$$);
INSERT INTO movies (id, title, director, year, runtime, synopsis) VALUES
    (539537, $$Fantasy Island$$, $$Jeff Wadlow$$, 2020, 109, $$"A group of contest winners arrive at an island hotel to live out their dreams, only to find themselves trapped in nightmare scenarios."$$);
INSERT INTO movies (id, title, director, year, runtime, synopsis) VALUES
    (338967, $$Zombieland: Double Tap$$, $$Ruben Fleischer$$, 2020, 99, $$"Columbus, Tallahassee, Wichita, and Little Rock move to the American heartland as they face off against evolved zombies, fellow survivors, and the growing pains of the snarky makeshift family."$$);
INSERT INTO movies (id, title, director, year, runtime, synopsis) VALUES
    (514847, $$The Hunt$$, $$Craig Zobel$$, 2020, 90, $$"Twelve strangers wake up in a clearing. They don't know where they are—or how they got there. In the shadow of a dark internet conspiracy theory, ruthless elitists gather at a remote location to hunt humans for sport. But their master plan is about to be derailed when one of the hunted turns the tables on her pursuers."$$);
INSERT INTO movies (id, title, director, year, runtime, synopsis) VALUES
    (570670, $$The Invisible Man$$, $$Leigh Whannell$$, 2020, 124, $$"When Cecilia's abusive ex takes his own life and leaves her his fortune, she suspects his death was a hoax. As a series of coincidences turn lethal, Cecilia works to prove that she is being hunted by someone nobody can see."$$);
INSERT INTO movies (id, title, director, year, runtime, synopsis) VALUES
    (446893, $$Trolls World Tour$$, $$Walt Dohrn$$, 2020, 91, $$"Queen Poppy and Branch make a surprising discovery — there are other Troll worlds beyond their own, and their distinct differences create big clashes between these various tribes. When a mysterious threat puts all of the Trolls across the land in danger, Poppy, Branch, and their band of friends must embark on an epic quest to create harmony among the feuding Trolls to unite them against certain doom."$$);
INSERT INTO movies (id, title, director, year, runtime, synopsis) VALUES
    (953, $$Madagascar$$, $$Eric Darnell$$, 2005, 86, $$"Alex the lion is the king of the urban jungle, the main attraction at New York’s Central Park Zoo. He and his best friends—Marty the zebra, Melman the giraffe and Gloria the hippo—have spent their whole lives in blissful captivity before an admiring public and with regular meals provided for them. Not content to leave well enough alone, Marty lets his curiosity get the better of him and makes his escape—with the help of some prodigious penguins—to explore the world."$$);
INSERT INTO movies (id, title, director, year, runtime, synopsis) VALUES
    (564, $$The Mummy$$, $$Stephen Sommers$$, 1999, 124, $$"Dashing legionnaire Rick O'Connell stumbles upon the hidden ruins of Hamunaptra while in the midst of a battle to claim the area in 1920s Egypt. It has been over three thousand years since former High Priest Imhotep suffered a fate worse than death as a punishment for a forbidden love—along with a curse that guarantees eternal doom upon the world if he is ever awoken."$$);
INSERT INTO movies (id, title, director, year, runtime, synopsis) VALUES
    (1734, $$The Mummy Returns$$, $$Stephen Sommers$$, 2001, 130, $$"Rick and Evelyn O’Connell, along with their 8-year-old son Alex, discover the key to the legendary Scorpion King’s might: the fabled Bracelet of Anubis. Unfortunately, a newly resurrected Imhotep has designs on the bracelet as well, and isn’t above kidnapping its new bearer, Alex, to gain control of Anubis’s otherworldly army."$$);
INSERT INTO movies (id, title, director, year, runtime, synopsis) VALUES
    (85, $$Raiders of the Lost Ark$$, $$Steven Spielberg$$, 1981, 115, $$"When Dr. Indiana Jones – the tweed-suited professor who just happens to be a celebrated archaeologist – is hired by the government to locate the legendary Ark of the Covenant, he finds himself up against the entire Nazi regime."$$);
INSERT INTO movies (id, title, director, year, runtime, synopsis) VALUES
    (89, $$Indiana Jones and the Last Crusade$$, $$Steven Spielberg$$, 1989, 127, $$"When Dr. Henry Jones Sr. suddenly goes missing while pursuing the Holy Grail, eminent archaeologist Indiana must team up with Marcus Brody, Sallah and Elsa Schneider to follow in his father's footsteps and stop the Nazis from recovering the power of eternal life."$$);
INSERT INTO movies (id, title, director, year, runtime, synopsis) VALUES
    (9502, $$Kung Fu Panda$$, $$Mark Osborne$$, 2008, 90, $$"When the Valley of Peace is threatened, lazy Po the panda discovers his destiny as the \"chosen one\" and trains to become a kung fu hero, but transforming the unsleek slacker into a brave warrior won't be easy. It's up to Master Shifu and the Furious Five -- Tigress, Crane, Mantis, Viper and Monkey -- to give it a try."$$);
INSERT INTO movies (id, title, director, year, runtime, synopsis) VALUES
    (1858, $$Transformers$$, $$Michael Bay$$, 2007, 144, $$"Young teenager, Sam Witwicky becomes involved in the ancient struggle between two extraterrestrial factions of transforming robots – the heroic Autobots and the evil Decepticons. Sam holds the clue to unimaginable power and the Decepticons will stop at nothing to retrieve it."$$);
INSERT INTO movies (id, title, director, year, runtime, synopsis) VALUES
    (429617, $$Spider-Man: Far From Home$$, $$$$, 2019, 129, $$"Peter Parker and his friends go on a summer trip to Europe. However, they will hardly be able to rest - Peter will have to agree to help Nick Fury uncover the mystery of creatures that cause natural disasters and destruction throughout the continent."$$);
INSERT INTO movies (id, title, director, year, runtime, synopsis) VALUES
    (533642, $$Child's Play$$, $$Lars Klevberg$$, 2019, 90, $$"Karen, a single mother, gifts her son Andy a Buddi doll for his birthday, unaware of its more sinister nature. A contemporary re-imagining of the 1988 horror classic."$$);
INSERT INTO movies (id, title, director, year, runtime, synopsis) VALUES
    (711696, $$Mighty Oak$$, $$Sean McNamara$$, 2020, 102, $$"Janel Parrish plays music manager Gina Jackson whose life is shattered when her brother and lead vocalist, Vaughn (Levi Dylan), is killed in a tragic accident. Ten years later, when a young guitar prodigy Oak Scoggins (Tommy Ragen) enters her orbit, she becomes convinced that this young man is the reincarnation of Vaughn, but is he?"$$);
INSERT INTO movies (id, title, director, year, runtime, synopsis) VALUES
    (502416, $$Ma$$, $$Tate Taylor$$, 2019, 99, $$"Sue Ann is a loner who keeps to herself in her quiet Ohio town. One day, she is asked by Maggie, a new teenager in town, to buy some booze for her and her friends, and Sue Ann sees the chance to make some unsuspecting, if younger, friends of her own."$$);
INSERT INTO movies (id, title, director, year, runtime, synopsis) VALUES
    (1584, $$School of Rock$$, $$Richard Linklater$$, 2003, 110, $$"Fired from his band and hard up for cash, guitarist and vocalist Dewey Finn finagles his way into a job as a fifth-grade substitute teacher at a private school, where he secretly begins teaching his students the finer points of rock 'n' roll. The school's hard-nosed principal is rightly suspicious of Finn's activities. But Finn's roommate remains in the dark about what he's doing."$$);
INSERT INTO movies (id, title, director, year, runtime, synopsis) VALUES
    (512200, $$Jumanji: The Next Level$$, $$Jake Kasdan$$, 2019, 123, $$"As the gang return to Jumanji to rescue one of their own, they discover that nothing is as they expect. The players will have to brave parts unknown and unexplored in order to escape the world’s most dangerous game."$$);
INSERT INTO movies (id, title, director, year, runtime, synopsis) VALUES
    (8373, $$Transformers: Revenge of the Fallen$$, $$$$, 2009, 149, $$"Sam Witwicky leaves the Autobots behind for a normal life. But when his mind is filled with cryptic symbols, the Decepticons target him and he is dragged back into the Transformers' war."$$);
INSERT INTO movies (id, title, director, year, runtime, synopsis) VALUES
    (38700, $$Bad Boys for Life$$, $$Adil El Arbi & Bilall Fallah$$, 2020, 124, $$Marcus and Mike are forced to confront new threats, career changes, and midlife crises as they join the newly created elite team AMMO of the Miami police department to take down the ruthless Armando Armas, the vicious leader of a Miami drug cartel."$$);
INSERT INTO movies (id, title, director, year, runtime, synopsis) VALUES
    (621, $$Grease$$, $$Randal Kleiser$$, 1978, 110, $$"Australian good girl Sandy and greaser Danny fell in love over the summer. But when they unexpectedly discover they're now in the same high school, will they be able to rekindle their romance despite their eccentric friends?"$$);
INSERT INTO movies (id, title, director, year, runtime, synopsis) VALUES
    (565719, $$Hail Satan?$$, $$Penny Lane$$, 2019, 95, $$"A look at the intersection of religion and activism, tracing the rise of The Satanic Temple: only six years old and already one of the most controversial religious movements in American history. The Temple is calling for a Satanic revolution to save the nation's soul. But are they for real?"$$);
INSERT INTO movies (id, title, director, year, runtime, synopsis) VALUES
    (158999, $$Blackfish$$, $$Gabriela Cowperthwaite$$, 2013, 83, $$"Notorious killer whale Tilikum is responsible for the deaths of three individuals, including a top killer whale trainer. Blackfish shows the sometimes devastating consequences of keeping such intelligent and sentient creatures in captivity."$$);
INSERT INTO movies (id, title, director, year, runtime, synopsis) VALUES
    (576554, $$Diana Kennedy: Nothing Fancy$$, $$Elizabeth Carroll$$, 2019, 81, $$"Cookbook author and environmental activist Diana Kennedy reflects on an unconventional life spent mastering Mexican cuisine."$$);
INSERT INTO movies (id, title, director, year, runtime, synopsis) VALUES
    (565536, $$Pahokee$$, $$Patrick Bresnan$$, 2019, 112, $$"In a small agricultural town in the Florida Everglades, hopes for the future are concentrated on the youth. Four teens face heartbreak and celebrate in the rituals of an extraordinary senior year."$$);
INSERT INTO movies (id, title, director, year, runtime, synopsis) VALUES
    (597588, $$Lucky Grandma$$, $$Sasie Sealy$$, 2019, 100, $$"Set in New York City's Chinatown, an ornery, chain-smoking Chinese grandma goes all in at the casino, landing herself on the wrong side of luck - and in the middle of a gang war."$$);
INSERT INTO movies (id, title, director, year, runtime, synopsis) VALUES
    (250766, $$Life Itself$$, $$Steve James$$, 2014, 121, $$"Life Itself recounts the surprising and entertaining life of renowned film critic and social commentator Roger Ebert. The film details his early days as a freewheeling bachelor and Pulitzer Prize winner, his famously contentious partnership with Gene Siskel, his life-altering marriage, and his brave and transcendent battle with cancer."$$);
INSERT INTO movies (id, title, director, year, runtime, synopsis) VALUES
    (576002, $$Alice$$, $$Josephine Mackerras$$, 2019, 103, $$"Alice, a perfect wife and mother who lives happily with her husband and child until the day she discovers her husband is living a double life that has ruined her financially and left her a single mother. Alice fights back and dives into a world beyond anything she has ever known."$$);
INSERT INTO movies (id, title, director, year, runtime, synopsis) VALUES
    (680601, $$Up from the Streets$$, $$Michael Murphy$$, 2019, 104, $$"A film looking at the culture of New Orleans thru the lens of music. Hosted by Oscar nominee and 6-time Grammy Winner Terence Blanchard, the film tells the story of how music and culture intersected to create a distinct form of expression."$$);
INSERT INTO movies (id, title, director, year, runtime, synopsis) VALUES
    (582883, $$Deerskin$$, $$Quentin Dupieux$$, 2019, 77, $$"A man's obsession with owning the designer deerskin jacket of his dreams leads him to turn his back on his humdrum life in the suburbs, blow his life savings, and even turn him to crime."$$);
INSERT INTO movies (id, title, director, year, runtime, synopsis) VALUES
    (579191, $$Beyond the Visibile - Hilma Af Klimt$$, $$Halina Dyrschka$$, 2019, 93, $$"How can an artist discover abstraction by the beginning of the 20th century and nobody is noticing? A woman, misjudged and concealed, rocks the art world with her mind-blowing oeuvre. Hilma af Klint was a pioneer creating her first abstract painting in 1906, four years before Vassily Kandinsky. But why was she ignored? Why are her paintings not available on the market? This first film on her is about her life and work, the role of women in art history and the discovery of an art scandal. Her quest for meaning in life and a boundless thinking led into a timeless, outstanding oeuvre."$$);
INSERT INTO movies (id, title, director, year, runtime, synopsis) VALUES
    (629704, $$The Booksellers$$, $$D.W. Young$$, 2020, 99, $$"What once seemed like an esoteric world now seems essential to our culture: the community of rare book dealers and collectors who, in their love of the delicacy and tactility of books, are helping to keep the printed word alive. D.W. Young’s elegant and entertaining documentary, executive produced by Parker Posey, is a lively tour of New York’s book world, past and present, from the Park Avenue Armory’s annual Antiquarian Book Fair, where original editions can fetch hundreds of thousands of dollars; to the Strand and Argosy book stores, still standing against all odds; to the beautifully crammed apartments of collectors and buyers. The film features a litany of special guests, including Fran Lebowitz, Susan Orlean, Gay Talese, and a community of dedicated book dealers who strongly believe in the wonder of the object and the everlasting importance of what’s inside."$$);
INSERT INTO movies (id, title, director, year, runtime, synopsis) VALUES
    (517148, $$Beanpole$$, $$Kantemir Balagov$$, 2019, 134, $$"Set in post-WWII Leningrad as two female soldiers return from war and attempt to rebuild their lives in the ravaged city."$$);
INSERT INTO movies (id, title, director, year, runtime, synopsis) VALUES
    (538227, $$Extra Ordinary$$, $$Mike Ahern$$, 2019, 94, $$"A driving instructor must use her other-worldly gifts to save a lonely man’s daughter from a rock star looking to use her for Satanic purposes."$$);
INSERT INTO movies (id, title, director, year, runtime, synopsis) VALUES
    (433036, $$Whose Streets$$, $$Sabaah Folayan$$, 2017, 90, $$"A nonfiction account of the Ferguson uprising told by the people who lived it, this is an unflinching look at how the killing of 18-year-old Michael Brown inspired a community to fight back—and sparked a global movement."$$);
INSERT INTO movies (id, title, director, year, runtime, synopsis) VALUES
    (592997, $$You Don't Nomi$$, $$Jeffrey McHale$$, 2019, 92, $$"Released in 1995, Paul Verhoeven's SHOWGIRLS was met by critics and audiences with near universal derision. YOU DON'T NOMI traces the film's redemptive journey from notorious flop to cult classic, and maybe even masterpiece."$$);
INSERT INTO movies (id, title, director, year, runtime, synopsis) VALUES
    (575426, $$Tommaso$$, $$Abel Ferrara$$, 2020, 115, $$"Playing opposite the director’s own wife and daughter, Willem Dafoe is a Ferrara-like American artist living in Rome in this improvised drama of doubt and disconnection, shot in self-reflective documentary style."$$);
INSERT INTO movies (id, title, director, year, runtime, synopsis) VALUES
    (547017, $$Shirley$$, $$Josephine Decker$$, 2020, 107, $$"A famous horror writer finds inspiration for her next book after she and her husband take in a young couple."$$);
INSERT INTO movies (id, title, director, year, runtime, synopsis) VALUES
    (617771, $$Once Were Brothers$$, $$Daniel Roher$$, 2020, 100, $$"It will tell the story of a group that went from backing up Bob Dylan to become one of the most influential groups of its era."$$);
INSERT INTO movies (id, title, director, year, runtime, synopsis) VALUES
    (144597, $$Black Panthers$$, $$Agnès Varda$$, 1968, 31, $$"This riveting documentary, transports you to the pivotal Free Huey rally held on February 17th, 1968, at Oakland Auditorium in Alameda, California. Newton, the charismatic young college student who, along with Bobby Seale, created the Black Panther Party, had been jailed for allegedly killing a police officer.  His arrest–widely believed at the time to be a setup–galvanized Party support throughout the nation and led to a boom in Party membership, bringing a new level of public attention to the Panthers’ cause."$$);
INSERT INTO movies (id, title, director, year, runtime, synopsis) VALUES
    (601425, $$Queen of Lapa$$, $$Theodore Collatos & Carolina Monnerat$$, 2019, 73, $$"Larger-than-life actress, cabaret performer, activist, and proud sex professional since the age of eleven, Luana Muniz - arguably one of Brazil’s most recognizable transgender personalities, shapes a new reality for a new generation of transgender sex workers in her hostel by providing a safe working environment in the dangerous neighborhood of Lapa in Rio de Janeiro. Queen of Lapa explores the day-to-day lives, quests for love, housemate rivalries in a turbulent political climate under matriarch Muniz’s watchful and guiding eye."$$);
INSERT INTO movies (id, title, director, year, runtime, synopsis) VALUES
    (603141, $$Picture of His Life$$, $$Dani Menkin & Yonatan Nir$$, 2019, 71, $$"Amos Nachoum is one of the greatest underwater photographers of all times. Fascinated by the most fearsome creatures on Earth, he has developed a unique approach that puts him face to face with his subjects. He has swum with crocodiles, killer whales, anacondas and great white sharks but one major predator has always eluded him: the polar bear. Now, after four decades in the wilderness, Nachoum is determined to give it one last shot. As his journey unfolds, Nachoum contemplates the series of events - from fraught family relationships to the horrors of war - that drove him here to the end of the world. It has been a long and painful journey, but where others find fear, Amos Nachoum has found redemption."$$);
INSERT INTO movies (id, title, director, year, runtime, synopsis) VALUES
    (141817, $$Plimpton! Starring George Plimpton as Himself$$, $$Tom Bean & Luke Poling$$, 2012, 89, $$"Plimpton! tells the story of writer, editor, amateur sportsman and friend to many, George Plimpton. Using Plimpton’s own narration – along with thoughts and stories from friends, family and contemporaries – the film is a joyful celebration of a life lived fully, richly, strangely, and, at times, a life that is hard to believe was actually lived by just one man."$$);
INSERT INTO movies (id, title, director, year, runtime, synopsis) VALUES
    (565386, $$The Last Tree$$, $$Shola Amoo$$, 2019, 98, $$"Femi is a British boy of Nigerian heritage who, after a happy childhood in rural Lincolnshire, moves to inner London to live with his mum. Struggling with the unfamiliar culture and values of his new environment, teenage Femi has to figure out which path to adulthood he wants to take."$$);
INSERT INTO movies (id, title, director, year, runtime, synopsis) VALUES
    (607146, $$Ella Fitzgerald: Just One of Those Things$$, $$Leslie Woodhead$$, 2019, 89, $$"Ella Fitzgerald was a 15-year-old street kid when she won a talent contest in 1934 at the Apollo Theatre in Harlem. Within months she was a star. Over the next six decades, her sublime voice would transform the tragedies of her own life and the troubles of her times into joy. JUST ONE OF THOSE THINGS retraces this extraordinary journey."$$);

INSERT INTO screenings (id, movies_id, venues_id, screening_url, start_date, end_date, format, screening_note, canceled) VALUES
    (DEFAULT, 601, 4, $$https://www.westwinddi.com/locations/capitol/movies/details?code=16689$$, $$2020-05-31$$, $$2020-06-04$$, $$DCP$$, $$Double feature with Jurassic Park$$, 0);
INSERT INTO screenings (id, movies_id, venues_id, screening_url, start_date, end_date, format, screening_note, canceled) VALUES
    (DEFAULT, 329, 4, $$https://www.westwinddi.com/locations/capitol/movies/details?code=207$$, $$2020-05-31$$, $$2020-06-04$$, $$DCP$$, $$Double feature with E.T.$$, 0);
INSERT INTO screenings (id, movies_id, venues_id, screening_url, start_date, end_date, format, screening_note, canceled) VALUES
    (DEFAULT, 555974, 4, $$https://www.westwinddi.com/locations/capitol/movies/details?code=289065$$, $$2020-05-31$$, $$2020-06-04$$, $$DCP$$, $$Double feature with Gretel and Hansel$$, 0);
INSERT INTO screenings (id, movies_id, venues_id, screening_url, start_date, end_date, format, screening_note, canceled) VALUES
    (DEFAULT, 542224, 4, $$https://www.westwinddi.com/locations/capitol/movies/details?code=291642$$, $$2020-05-31$$, $$2020-06-04$$, $$DCP$$, $$Double feature with Brahms: The Boy II$$, 0);
INSERT INTO screenings (id, movies_id, venues_id, screening_url, start_date, end_date, format, screening_note, canceled) VALUES
    (DEFAULT, 539537, 4, $$https://www.westwinddi.com/locations/capitol/movies/details?code=285307$$, $$2020-05-31$$, $$2020-06-04$$, $$DCP$$, $$Double feature with Zombieland$$, 0);
INSERT INTO screenings (id, movies_id, venues_id, screening_url, start_date, end_date, format, screening_note, canceled) VALUES
    (DEFAULT, 338967, 4, $$https://www.westwinddi.com/locations/capitol/movies/details?code=275948$$, $$2020-05-31$$, $$2020-06-04$$, $$DCP$$, $$Double feature with Fantasy Island$$, 0);
INSERT INTO screenings (id, movies_id, venues_id, screening_url, start_date, end_date, format, screening_note, canceled) VALUES
    (DEFAULT, 514847, 4, $$https://www.westwinddi.com/locations/capitol/movies/details?code=271023$$, $$2020-05-31$$, $$2020-06-04$$, $$DCP$$, $$Double feature with Invisible Man$$, 0);
INSERT INTO screenings (id, movies_id, venues_id, screening_url, start_date, end_date, format, screening_note, canceled) VALUES
    (DEFAULT, 570670, 4, $$https://www.westwinddi.com/locations/capitol/movies/details?code=293548$$, $$2020-05-31$$, $$2020-06-04$$, $$DCP$$, $$Double feature with The Hunt$$, 0);
INSERT INTO screenings (id, movies_id, venues_id, screening_url, start_date, end_date, format, screening_note, canceled) VALUES
    (DEFAULT, 446893, 4, $$https://www.westwinddi.com/locations/capitol/movies/details?code=240912$$, $$2020-05-31$$, $$2020-06-04$$, $$DCP$$, $$Double feature with Madagascar$$, 0);
INSERT INTO screenings (id, movies_id, venues_id, screening_url, start_date, end_date, format, screening_note, canceled) VALUES
    (DEFAULT, 953, 4, $$https://www.westwinddi.com/locations/capitol/movies/details?code=11329$$, $$2020-05-31$$, $$2020-06-04$$, $$DCP$$, $$Double feature with Trolls World Tour$$, 0);
INSERT INTO screenings (id, movies_id, venues_id, screening_url, start_date, end_date, format, screening_note, canceled) VALUES
    (DEFAULT, 564, 4, $$https://www.westwinddi.com/locations/capitol/movies/details?code=16623$$, $$2020-05-31$$, $$2020-06-04$$, $$DCP$$, $$Double feature with The Mummy Returns$$, 0);
INSERT INTO screenings (id, movies_id, venues_id, screening_url, start_date, end_date, format, screening_note, canceled) VALUES
    (DEFAULT, 1734, 4, $$https://www.westwinddi.com/locations/capitol/movies/details?code=29552$$, $$2020-05-31$$, $$2020-06-04$$, $$DCP$$, $$Double feature with The Mummy$$, 0);
INSERT INTO screenings (id, movies_id, venues_id, screening_url, start_date, end_date, format, screening_note, canceled) VALUES
    (DEFAULT, 514847, 5, $$https://www.westwinddi.com/locations/solano/movies/details?code=271023$$, $$2020-05-31$$, $$2020-06-04$$, $$DCP$$, $$Double feature with Invisible Man$$, 0);
INSERT INTO screenings (id, movies_id, venues_id, screening_url, start_date, end_date, format, screening_note, canceled) VALUES
    (DEFAULT, 570670, 5, $$https://www.westwinddi.com/locations/solano/movies/details?code=293548$$, $$2020-05-31$$, $$2020-06-04$$, $$DCP$$, $$Double feature with The Hunt$$, 0);
INSERT INTO screenings (id, movies_id, venues_id, screening_url, start_date, end_date, format, screening_note, canceled) VALUES
    (DEFAULT, 446893, 5, $$https://www.westwinddi.com/locations/capitol/movies/details?code=240912$$, $$2020-05-31$$, $$2020-06-04$$, $$DCP$$, $$Double feature with Madagascar$$, 0);
INSERT INTO screenings (id, movies_id, venues_id, screening_url, start_date, end_date, format, screening_note, canceled) VALUES
    (DEFAULT, 953, 5, $$https://www.westwinddi.com/locations/capitol/movies/details?code=11329$$, $$2020-05-31$$, $$2020-06-04$$, $$DCP$$, $$Double feature with Trolls World Tour$$, 0);
INSERT INTO showtimes (id, screenings_id, showtime, showtime_note, canceled, display) VALUES
    (DEFAULT, 1, $$2020-05-31 20:55:00-8:00$$, $$$$, 0, 0);
INSERT INTO showtimes (id, screenings_id, showtime, showtime_note, canceled, display) VALUES
    (DEFAULT, 1, $$2020-06-01 20:55:00-8:00$$, $$$$, 0, 0);
INSERT INTO showtimes (id, screenings_id, showtime, showtime_note, canceled, display) VALUES
    (DEFAULT, 1, $$2020-06-02 20:55:00-8:00$$, $$$$, 0, 0);
INSERT INTO showtimes (id, screenings_id, showtime, showtime_note, canceled, display) VALUES
    (DEFAULT, 1, $$2020-06-03 20:55:00-8:00$$, $$$$, 0, 0);
INSERT INTO showtimes (id, screenings_id, showtime, showtime_note, canceled, display) VALUES
    (DEFAULT, 1, $$2020-06-04 20:55:00-8:00$$, $$$$, 0, 0);
INSERT INTO showtimes (id, screenings_id, showtime, showtime_note, canceled, display) VALUES
    (DEFAULT, 2, $$2020-05-31 23:15:00-8:00$$, $$$$, 0, 0);
INSERT INTO showtimes (id, screenings_id, showtime, showtime_note, canceled, display) VALUES
    (DEFAULT, 2, $$2020-06-01 23:15:00-8:00$$, $$$$, 0, 0);
INSERT INTO showtimes (id, screenings_id, showtime, showtime_note, canceled, display) VALUES
    (DEFAULT, 2, $$2020-06-02 23:15:00-8:00$$, $$$$, 0, 0);
INSERT INTO showtimes (id, screenings_id, showtime, showtime_note, canceled, display) VALUES
    (DEFAULT, 2, $$2020-06-03 23:15:00-8:00$$, $$$$, 0, 0);
INSERT INTO showtimes (id, screenings_id, showtime, showtime_note, canceled, display) VALUES
    (DEFAULT, 2, $$2020-06-04 23:15:00-8:00$$, $$$$, 0, 0);
INSERT INTO showtimes (id, screenings_id, showtime, showtime_note, canceled, display) VALUES
    (DEFAULT, 3, $$2020-05-31 20:55:00-8:00$$, $$$$, 0, 0);
INSERT INTO showtimes (id, screenings_id, showtime, showtime_note, canceled, display) VALUES
    (DEFAULT, 3, $$2020-06-01 20:55:00-8:00$$, $$$$, 0, 0);
INSERT INTO showtimes (id, screenings_id, showtime, showtime_note, canceled, display) VALUES
    (DEFAULT, 3, $$2020-06-02 20:55:00-8:00$$, $$$$, 0, 0);
INSERT INTO showtimes (id, screenings_id, showtime, showtime_note, canceled, display) VALUES
    (DEFAULT, 3, $$2020-06-03 20:55:00-8:00$$, $$$$, 0, 0);
INSERT INTO showtimes (id, screenings_id, showtime, showtime_note, canceled, display) VALUES
    (DEFAULT, 3, $$2020-06-04 20:55:00-8:00$$, $$$$, 0, 0);
INSERT INTO showtimes (id, screenings_id, showtime, showtime_note, canceled, display) VALUES
    (DEFAULT, 4, $$2020-05-31 22:45:00-8:00$$, $$$$, 0, 0);
INSERT INTO showtimes (id, screenings_id, showtime, showtime_note, canceled, display) VALUES
    (DEFAULT, 4, $$2020-06-01 22:45:00-8:00$$, $$$$, 0, 0);
INSERT INTO showtimes (id, screenings_id, showtime, showtime_note, canceled, display) VALUES
    (DEFAULT, 4, $$2020-06-02 22:45:00-8:00$$, $$$$, 0, 0);
INSERT INTO showtimes (id, screenings_id, showtime, showtime_note, canceled, display) VALUES
    (DEFAULT, 4, $$2020-06-03 22:45:00-8:00$$, $$$$, 0, 0);
INSERT INTO showtimes (id, screenings_id, showtime, showtime_note, canceled, display) VALUES
    (DEFAULT, 4, $$2020-06-04 22:45:00-8:00$$, $$$$, 0, 0);
INSERT INTO showtimes (id, screenings_id, showtime, showtime_note, canceled, display) VALUES
    (DEFAULT, 5, $$2020-05-31 20:55:00-8:00$$, $$$$, 0, 0);
INSERT INTO showtimes (id, screenings_id, showtime, showtime_note, canceled, display) VALUES
    (DEFAULT, 5, $$2020-06-01 20:55:00-8:00$$, $$$$, 0, 0);
INSERT INTO showtimes (id, screenings_id, showtime, showtime_note, canceled, display) VALUES
    (DEFAULT, 5, $$2020-06-02 20:55:00-8:00$$, $$$$, 0, 0);
INSERT INTO showtimes (id, screenings_id, showtime, showtime_note, canceled, display) VALUES
    (DEFAULT, 5, $$2020-06-03 20:55:00-8:00$$, $$$$, 0, 0);
INSERT INTO showtimes (id, screenings_id, showtime, showtime_note, canceled, display) VALUES
    (DEFAULT, 5, $$2020-06-04 20:55:00-8:00$$, $$$$, 0, 0);
INSERT INTO showtimes (id, screenings_id, showtime, showtime_note, canceled, display) VALUES
    (DEFAULT, 6, $$2020-05-31 23:10:00-8:00$$, $$$$, 0, 0);
INSERT INTO showtimes (id, screenings_id, showtime, showtime_note, canceled, display) VALUES
    (DEFAULT, 6, $$2020-06-01 23:10:00-8:00$$, $$$$, 0, 0);
INSERT INTO showtimes (id, screenings_id, showtime, showtime_note, canceled, display) VALUES
    (DEFAULT, 6, $$2020-06-02 23:10:00-8:00$$, $$$$, 0, 0);
INSERT INTO showtimes (id, screenings_id, showtime, showtime_note, canceled, display) VALUES
    (DEFAULT, 6, $$2020-06-03 23:10:00-8:00$$, $$$$, 0, 0);
INSERT INTO showtimes (id, screenings_id, showtime, showtime_note, canceled, display) VALUES
    (DEFAULT, 6, $$2020-06-04 23:10:00-8:00$$, $$$$, 0, 0);
INSERT INTO showtimes (id, screenings_id, showtime, showtime_note, canceled, display) VALUES
    (DEFAULT, 7, $$2020-05-31 20:55:00-8:00$$, $$$$, 0, 0);
INSERT INTO showtimes (id, screenings_id, showtime, showtime_note, canceled, display) VALUES
    (DEFAULT, 7, $$2020-06-01 20:55:00-8:00$$, $$$$, 0, 0);
INSERT INTO showtimes (id, screenings_id, showtime, showtime_note, canceled, display) VALUES
    (DEFAULT, 7, $$2020-06-02 20:55:00-8:00$$, $$$$, 0, 0);
INSERT INTO showtimes (id, screenings_id, showtime, showtime_note, canceled, display) VALUES
    (DEFAULT, 7, $$2020-06-03 20:55:00-8:00$$, $$$$, 0, 0);
INSERT INTO showtimes (id, screenings_id, showtime, showtime_note, canceled, display) VALUES
    (DEFAULT, 7, $$2020-06-04 20:55:00-8:00$$, $$$$, 0, 0);
INSERT INTO showtimes (id, screenings_id, showtime, showtime_note, canceled, display) VALUES
    (DEFAULT, 8, $$2020-05-31 22:50:00-8:00$$, $$$$, 0, 0);
INSERT INTO showtimes (id, screenings_id, showtime, showtime_note, canceled, display) VALUES
    (DEFAULT, 8, $$2020-06-01 22:50:00-8:00$$, $$$$, 0, 0);
INSERT INTO showtimes (id, screenings_id, showtime, showtime_note, canceled, display) VALUES
    (DEFAULT, 8, $$2020-06-02 22:50:00-8:00$$, $$$$, 0, 0);
INSERT INTO showtimes (id, screenings_id, showtime, showtime_note, canceled, display) VALUES
    (DEFAULT, 8, $$2020-06-03 22:50:00-8:00$$, $$$$, 0, 0);
INSERT INTO showtimes (id, screenings_id, showtime, showtime_note, canceled, display) VALUES
    (DEFAULT, 8, $$2020-06-04 22:50:00-8:00$$, $$$$, 0, 0);
INSERT INTO showtimes (id, screenings_id, showtime, showtime_note, canceled, display) VALUES
    (DEFAULT, 9, $$2020-05-31 20:55:00-8:00$$, $$$$, 0, 0);
INSERT INTO showtimes (id, screenings_id, showtime, showtime_note, canceled, display) VALUES
    (DEFAULT, 9, $$2020-06-01 20:55:00-8:00$$, $$$$, 0, 0);
INSERT INTO showtimes (id, screenings_id, showtime, showtime_note, canceled, display) VALUES
    (DEFAULT, 9, $$2020-06-02 20:55:00-8:00$$, $$$$, 0, 0);
INSERT INTO showtimes (id, screenings_id, showtime, showtime_note, canceled, display) VALUES
    (DEFAULT, 9, $$2020-06-03 20:55:00-8:00$$, $$$$, 0, 0);
INSERT INTO showtimes (id, screenings_id, showtime, showtime_note, canceled, display) VALUES
    (DEFAULT, 9, $$2020-06-04 20:55:00-8:00$$, $$$$, 0, 0);
INSERT INTO showtimes (id, screenings_id, showtime, showtime_note, canceled, display) VALUES
    (DEFAULT, 10, $$2020-05-31 22:50:00-8:00$$, $$$$, 0, 0);
INSERT INTO showtimes (id, screenings_id, showtime, showtime_note, canceled, display) VALUES
    (DEFAULT, 10, $$2020-06-01 22:50:00-8:00$$, $$$$, 0, 0);
INSERT INTO showtimes (id, screenings_id, showtime, showtime_note, canceled, display) VALUES
    (DEFAULT, 10, $$2020-06-02 22:50:00-8:00$$, $$$$, 0, 0);
INSERT INTO showtimes (id, screenings_id, showtime, showtime_note, canceled, display) VALUES
    (DEFAULT, 10, $$2020-06-03 22:50:00-8:00$$, $$$$, 0, 0);
INSERT INTO showtimes (id, screenings_id, showtime, showtime_note, canceled, display) VALUES
    (DEFAULT, 10, $$2020-06-04 22:50:00-8:00$$, $$$$, 0, 0);
INSERT INTO showtimes (id, screenings_id, showtime, showtime_note, canceled, display) VALUES
    (DEFAULT, 11, $$2020-05-31 20:50:00-8:00$$, $$$$, 0, 0);
INSERT INTO showtimes (id, screenings_id, showtime, showtime_note, canceled, display) VALUES
    (DEFAULT, 11, $$2020-06-01 20:50:00-8:00$$, $$$$, 0, 0);
INSERT INTO showtimes (id, screenings_id, showtime, showtime_note, canceled, display) VALUES
    (DEFAULT, 11, $$2020-06-02 20:50:00-8:00$$, $$$$, 0, 0);
INSERT INTO showtimes (id, screenings_id, showtime, showtime_note, canceled, display) VALUES
    (DEFAULT, 11, $$2020-06-03 20:50:00-8:00$$, $$$$, 0, 0);
INSERT INTO showtimes (id, screenings_id, showtime, showtime_note, canceled, display) VALUES
    (DEFAULT, 11, $$2020-06-04 20:50:00-8:00$$, $$$$, 0, 0);
INSERT INTO showtimes (id, screenings_id, showtime, showtime_note, canceled, display) VALUES
    (DEFAULT, 12, $$2020-05-31 23:25:00-8:00$$, $$$$, 0, 0);
INSERT INTO showtimes (id, screenings_id, showtime, showtime_note, canceled, display) VALUES
    (DEFAULT, 12, $$2020-06-01 23:25:00-8:00$$, $$$$, 0, 0);
INSERT INTO showtimes (id, screenings_id, showtime, showtime_note, canceled, display) VALUES
    (DEFAULT, 12, $$2020-06-02 23:25:00-8:00$$, $$$$, 0, 0);
INSERT INTO showtimes (id, screenings_id, showtime, showtime_note, canceled, display) VALUES
    (DEFAULT, 12, $$2020-06-03 23:25:00-8:00$$, $$$$, 0, 0);
INSERT INTO showtimes (id, screenings_id, showtime, showtime_note, canceled, display) VALUES
    (DEFAULT, 12, $$2020-06-04 23:25:00-8:00$$, $$$$, 0, 0);
INSERT INTO showtimes (id, screenings_id, showtime, showtime_note, canceled, display) VALUES
    (DEFAULT, 13, $$2020-05-31 20:50:00-8:00$$, $$$$, 0, 0);
INSERT INTO showtimes (id, screenings_id, showtime, showtime_note, canceled, display) VALUES
    (DEFAULT, 13, $$2020-06-01 20:50:00-8:00$$, $$$$, 0, 0);
INSERT INTO showtimes (id, screenings_id, showtime, showtime_note, canceled, display) VALUES
    (DEFAULT, 13, $$2020-06-02 20:50:00-8:00$$, $$$$, 0, 0);
INSERT INTO showtimes (id, screenings_id, showtime, showtime_note, canceled, display) VALUES
    (DEFAULT, 13, $$2020-06-03 20:50:00-8:00$$, $$$$, 0, 0);
INSERT INTO showtimes (id, screenings_id, showtime, showtime_note, canceled, display) VALUES
    (DEFAULT, 13, $$2020-06-04 20:50:00-8:00$$, $$$$, 0, 0);
INSERT INTO showtimes (id, screenings_id, showtime, showtime_note, canceled, display) VALUES
    (DEFAULT, 14, $$2020-05-31 22:45:00-8:00$$, $$$$, 0, 0);
INSERT INTO showtimes (id, screenings_id, showtime, showtime_note, canceled, display) VALUES
    (DEFAULT, 14, $$2020-06-01 22:45:00-8:00$$, $$$$, 0, 0);
INSERT INTO showtimes (id, screenings_id, showtime, showtime_note, canceled, display) VALUES
    (DEFAULT, 14, $$2020-06-02 22:45:00-8:00$$, $$$$, 0, 0);
INSERT INTO showtimes (id, screenings_id, showtime, showtime_note, canceled, display) VALUES
    (DEFAULT, 14, $$2020-06-03 22:45:00-8:00$$, $$$$, 0, 0);
INSERT INTO showtimes (id, screenings_id, showtime, showtime_note, canceled, display) VALUES
    (DEFAULT, 14, $$2020-06-04 22:45:00-8:00$$, $$$$, 0, 0);
INSERT INTO showtimes (id, screenings_id, showtime, showtime_note, canceled, display) VALUES
    (DEFAULT, 15, $$2020-05-31 20:50:00-8:00$$, $$$$, 0, 0);
INSERT INTO showtimes (id, screenings_id, showtime, showtime_note, canceled, display) VALUES
    (DEFAULT, 15, $$2020-06-01 20:50:00-8:00$$, $$$$, 0, 0);
INSERT INTO showtimes (id, screenings_id, showtime, showtime_note, canceled, display) VALUES
    (DEFAULT, 15, $$2020-06-02 20:50:00-8:00$$, $$$$, 0, 0);
INSERT INTO showtimes (id, screenings_id, showtime, showtime_note, canceled, display) VALUES
    (DEFAULT, 15, $$2020-06-03 20:50:00-8:00$$, $$$$, 0, 0);
INSERT INTO showtimes (id, screenings_id, showtime, showtime_note, canceled, display) VALUES
    (DEFAULT, 15, $$2020-06-04 20:50:00-8:00$$, $$$$, 0, 0);
INSERT INTO showtimes (id, screenings_id, showtime, showtime_note, canceled, display) VALUES
    (DEFAULT, 16, $$2020-05-31 22:45:00-8:00$$, $$$$, 0, 0);
INSERT INTO showtimes (id, screenings_id, showtime, showtime_note, canceled, display) VALUES
    (DEFAULT, 16, $$2020-06-01 22:45:00-8:00$$, $$$$, 0, 0);
INSERT INTO showtimes (id, screenings_id, showtime, showtime_note, canceled, display) VALUES
    (DEFAULT, 16, $$2020-06-02 22:45:00-8:00$$, $$$$, 0, 0);
INSERT INTO showtimes (id, screenings_id, showtime, showtime_note, canceled, display) VALUES
    (DEFAULT, 16, $$2020-06-03 22:45:00-8:00$$, $$$$, 0, 0);
INSERT INTO showtimes (id, screenings_id, showtime, showtime_note, canceled, display) VALUES
    (DEFAULT, 16, $$2020-06-04 22:45:00-8:00$$, $$$$, 0, 0);

INSERT INTO screenings_series (screenings_id, series_id) VALUES
    (1, 1);
INSERT INTO screenings_series (screenings_id, series_id) VALUES
    (2, 1);
INSERT INTO screenings_series (screenings_id, series_id) VALUES
    (3, 1);
INSERT INTO screenings_series (screenings_id, series_id) VALUES
    (4, 1);
INSERT INTO screenings_series (screenings_id, series_id) VALUES
    (5, 1);
INSERT INTO screenings_series (screenings_id, series_id) VALUES
    (6, 1);
INSERT INTO screenings_series (screenings_id, series_id) VALUES
    (7, 1);
INSERT INTO screenings_series (screenings_id, series_id) VALUES
    (8, 1);
INSERT INTO screenings_series (screenings_id, series_id) VALUES
    (9, 1);
INSERT INTO screenings_series (screenings_id, series_id) VALUES
    (10, 1);
INSERT INTO screenings_series (screenings_id, series_id) VALUES
    (11, 1);
INSERT INTO screenings_series (screenings_id, series_id) VALUES
    (12, 1);
INSERT INTO screenings_series (screenings_id, series_id) VALUES
    (13, 1);
INSERT INTO screenings_series (screenings_id, series_id) VALUES
    (14, 1);
INSERT INTO screenings_series (screenings_id, series_id) VALUES
    (15, 1);
INSERT INTO screenings_series (screenings_id, series_id) VALUES
    (16, 1);




INSERT INTO screenings (id, movies_id, venues_id, screening_url, start_date, end_date, format, screening_note, canceled) VALUES
    (DEFAULT, 85, 5, $$https://www.westwinddi.com/locations/solano/movies/details?code=7772$$, $$2020-06-05$$, $$2020-06-11$$, $$DCP$$, $$Double Feature with Last Crusade$$, 0);
INSERT INTO showtimes (id, screenings_id, showtime, showtime_note, canceled, display) VALUES
    (DEFAULT, 17, $$2020-06-07 20:55:00-8:00$$, $$$$, 0, 0);
INSERT INTO showtimes (id, screenings_id, showtime, showtime_note, canceled, display) VALUES
    (DEFAULT, 17, $$2020-06-08 20:55:00-8:00$$, $$$$, 0, 0);
INSERT INTO showtimes (id, screenings_id, showtime, showtime_note, canceled, display) VALUES
    (DEFAULT, 17, $$2020-06-09 20:55:00-8:00$$, $$$$, 0, 0);
INSERT INTO showtimes (id, screenings_id, showtime, showtime_note, canceled, display) VALUES
    (DEFAULT, 17, $$2020-06-10 20:55:00-8:00$$, $$$$, 0, 0);
INSERT INTO showtimes (id, screenings_id, showtime, showtime_note, canceled, display) VALUES
    (DEFAULT, 13, $$2020-06-07 20:55:00-8:00$$, $$$$, 0, 0);
INSERT INTO showtimes (id, screenings_id, showtime, showtime_note, canceled, display) VALUES
    (DEFAULT, 13, $$2020-06-08 20:55:00-8:00$$, $$$$, 0, 0);
INSERT INTO showtimes (id, screenings_id, showtime, showtime_note, canceled, display) VALUES
    (DEFAULT, 13, $$2020-06-10 20:55:00-8:00$$, $$$$, 0, 0);
INSERT INTO showtimes (id, screenings_id, showtime, showtime_note, canceled, display) VALUES
    (DEFAULT, 7, $$2020-06-07 20:55:00-8:00$$, $$$$, 0, 0);
INSERT INTO showtimes (id, screenings_id, showtime, showtime_note, canceled, display) VALUES
    (DEFAULT, 7, $$2020-06-08 20:55:00-8:00$$, $$$$, 0, 0);
INSERT INTO showtimes (id, screenings_id, showtime, showtime_note, canceled, display) VALUES
    (DEFAULT, 7, $$2020-06-09 20:55:00-8:00$$, $$$$, 0, 0);
INSERT INTO showtimes (id, screenings_id, showtime, showtime_note, canceled, display) VALUES
    (DEFAULT, 7, $$2020-06-10 20:55:00-8:00$$, $$$$, 0, 0);
INSERT INTO screenings (id, movies_id, venues_id, screening_url, start_date, end_date, format, screening_note, canceled) VALUES
    (DEFAULT, 514847, 6, $$https://www.westwinddi.com/locations/sacramento/movies/details?code=271023$$, $$2020-06-05$$, $$2020-06-11$$, $$DCP$$, $$Double feature with Invisible Man$$, 0);
INSERT INTO showtimes (id, screenings_id, showtime, showtime_note, canceled, display) VALUES
    (DEFAULT, 18, $$2020-06-07 20:55:00-8:00$$, $$$$, 0, 0);
INSERT INTO showtimes (id, screenings_id, showtime, showtime_note, canceled, display) VALUES
    (DEFAULT, 18, $$2020-06-08 23:15:00-8:00$$, $$$$, 0, 0);
INSERT INTO showtimes (id, screenings_id, showtime, showtime_note, canceled, display) VALUES
    (DEFAULT, 18, $$2020-06-09 20:55:00-8:00$$, $$$$, 0, 0);
INSERT INTO showtimes (id, screenings_id, showtime, showtime_note, canceled, display) VALUES
    (DEFAULT, 18, $$2020-06-10 20:55:00-8:00$$, $$$$, 0, 0);
INSERT INTO showtimes (id, screenings_id, showtime, showtime_note, canceled, display) VALUES
    (DEFAULT, 14, $$2020-06-07 22:50:00-8:00$$, $$$$, 0, 0);
INSERT INTO showtimes (id, screenings_id, showtime, showtime_note, canceled, display) VALUES
    (DEFAULT, 14, $$2020-06-08 22:50:00-8:00$$, $$$$, 0, 0);
INSERT INTO showtimes (id, screenings_id, showtime, showtime_note, canceled, display) VALUES
    (DEFAULT, 14, $$2020-06-10 22:50:00-8:00$$, $$$$, 0, 0);
INSERT INTO showtimes (id, screenings_id, showtime, showtime_note, canceled, display) VALUES
    (DEFAULT, 8, $$2020-06-07 22:50:00-8:00$$, $$$$, 0, 0);
INSERT INTO showtimes (id, screenings_id, showtime, showtime_note, canceled, display) VALUES
    (DEFAULT, 8, $$2020-06-08 22:50:00-8:00$$, $$$$, 0, 0);
INSERT INTO showtimes (id, screenings_id, showtime, showtime_note, canceled, display) VALUES
    (DEFAULT, 8, $$2020-06-09 22:50:00-8:00$$, $$$$, 0, 0);
INSERT INTO showtimes (id, screenings_id, showtime, showtime_note, canceled, display) VALUES
    (DEFAULT, 8, $$2020-06-10 22:50:00-8:00$$, $$$$, 0, 0);
INSERT INTO screenings (id, movies_id, venues_id, screening_url, start_date, end_date, format, screening_note, canceled) VALUES
    (DEFAULT, 570670, 6, $$https://www.westwinddi.com/locations/sacramento/movies/details?code=293548$$, $$2020-06-05$$, $$2020-06-11$$, $$DCP$$, $$Double feature with The Hunt$$, 0);
INSERT INTO showtimes (id, screenings_id, showtime, showtime_note, canceled, display) VALUES
    (DEFAULT, 19, $$2020-06-07 22:50:00-8:00$$, $$$$, 0, 0);
INSERT INTO showtimes (id, screenings_id, showtime, showtime_note, canceled, display) VALUES
    (DEFAULT, 19, $$2020-06-09 22:50:00-8:00$$, $$$$, 0, 0);
INSERT INTO showtimes (id, screenings_id, showtime, showtime_note, canceled, display) VALUES
    (DEFAULT, 19, $$2020-06-10 22:50:00-8:00$$, $$$$, 0, 0);
INSERT INTO screenings (id, movies_id, venues_id, screening_url, start_date, end_date, format, screening_note, canceled) VALUES
    (DEFAULT, 89, 5, $$https://www.westwinddi.com/locations/solano$$, $$2020-06-05$$, $$2020-06-11$$, $$DCP$$, $$$$, 0);
INSERT INTO showtimes (id, screenings_id, showtime, showtime_note, canceled, display) VALUES
    (DEFAULT, 20, $$2020-06-07 23:15:00-8:00$$, $$$$, 0, 0);
INSERT INTO showtimes (id, screenings_id, showtime, showtime_note, canceled, display) VALUES
    (DEFAULT, 20, $$2020-06-08 23:15:00-8:00$$, $$$$, 0, 0);
INSERT INTO showtimes (id, screenings_id, showtime, showtime_note, canceled, display) VALUES
    (DEFAULT, 20, $$2020-06-09 23:15:00-8:00$$, $$$$, 0, 0);
INSERT INTO showtimes (id, screenings_id, showtime, showtime_note, canceled, display) VALUES
    (DEFAULT, 20, $$2020-06-10 23:15:00-8:00$$, $$$$, 0, 0);
INSERT INTO showtimes (id, screenings_id, showtime, showtime_note, canceled, display) VALUES
    (DEFAULT, 15, $$2020-06-09 20:55:00-8:00$$, $$$$, 0, 0);
INSERT INTO showtimes (id, screenings_id, showtime, showtime_note, canceled, display) VALUES
    (DEFAULT, 9, $$2020-06-08 22:45:00-8:00$$, $$$$, 0, 0);
INSERT INTO showtimes (id, screenings_id, showtime, showtime_note, canceled, display) VALUES
    (DEFAULT, 9, $$2020-06-10 22:45:00-8:00$$, $$$$, 0, 0);
INSERT INTO screenings (id, movies_id, venues_id, screening_url, start_date, end_date, format, screening_note, canceled) VALUES
    (DEFAULT, 446893, 6, $$https://www.westwinddi.com/locations/sacramento$$, $$2020-06-05$$, $$2020-06-11$$, $$DCP$$, $$$$, 0);
INSERT INTO showtimes (id, screenings_id, showtime, showtime_note, canceled, display) VALUES
    (DEFAULT, 21, $$2020-06-07 22:50:00-8:00$$, $$$$, 0, 0);
INSERT INTO showtimes (id, screenings_id, showtime, showtime_note, canceled, display) VALUES
    (DEFAULT, 21, $$2020-06-08 22:50:00-8:00$$, $$$$, 0, 0);
INSERT INTO showtimes (id, screenings_id, showtime, showtime_note, canceled, display) VALUES
    (DEFAULT, 21, $$2020-06-09 22:50:00-8:00$$, $$$$, 0, 0);
INSERT INTO showtimes (id, screenings_id, showtime, showtime_note, canceled, display) VALUES
    (DEFAULT, 21, $$2020-06-10 22:50:00-8:00$$, $$$$, 0, 0);
INSERT INTO screenings (id, movies_id, venues_id, screening_url, start_date, end_date, format, screening_note, canceled) VALUES
    (DEFAULT, 9502, 5, $$https://www.westwinddi.com/locations/solano$$, $$2020-06-05$$, $$2020-06-11$$, $$DCP$$, $$$$, 0);
INSERT INTO showtimes (id, screenings_id, showtime, showtime_note, canceled, display) VALUES
    (DEFAULT, 22, $$2020-06-09 22:50:00-8:00$$, $$$$, 0, 0);
INSERT INTO screenings (id, movies_id, venues_id, screening_url, start_date, end_date, format, screening_note, canceled) VALUES
    (DEFAULT, 9502, 6, $$https://www.westwinddi.com/locations/sacramento$$, $$2020-06-05$$, $$2020-06-11$$, $$DCP$$, $$$$, 0);
INSERT INTO showtimes (id, screenings_id, showtime, showtime_note, canceled, display) VALUES
    (DEFAULT, 23, $$2020-06-07 20:55:00-8:00$$, $$$$, 0, 0);
INSERT INTO showtimes (id, screenings_id, showtime, showtime_note, canceled, display) VALUES
    (DEFAULT, 23, $$2020-06-08 20:55:00-8:00$$, $$$$, 0, 0);
INSERT INTO showtimes (id, screenings_id, showtime, showtime_note, canceled, display) VALUES
    (DEFAULT, 23, $$2020-06-09 20:55:00-8:00$$, $$$$, 0, 0);
INSERT INTO showtimes (id, screenings_id, showtime, showtime_note, canceled, display) VALUES
    (DEFAULT, 23, $$2020-06-10 20:55:00-8:00$$, $$$$, 0, 0);
INSERT INTO showtimes (id, screenings_id, showtime, showtime_note, canceled, display) VALUES
    (DEFAULT, 1, $$2020-06-07 20:55:00-8:00$$, $$$$, 0, 0);
INSERT INTO showtimes (id, screenings_id, showtime, showtime_note, canceled, display) VALUES
    (DEFAULT, 1, $$2020-06-08 23:25:00-8:00$$, $$$$, 0, 0);
INSERT INTO showtimes (id, screenings_id, showtime, showtime_note, canceled, display) VALUES
    (DEFAULT, 1, $$2020-06-09 20:55:00-8:00$$, $$$$, 0, 0);
INSERT INTO showtimes (id, screenings_id, showtime, showtime_note, canceled, display) VALUES
    (DEFAULT, 1, $$2020-06-10 23:25:00-8:00$$, $$$$, 0, 0);
INSERT INTO showtimes (id, screenings_id, showtime, showtime_note, canceled, display) VALUES
    (DEFAULT, 11, $$2020-06-07 20:55:00-8:00$$, $$$$, 0, 0);
INSERT INTO showtimes (id, screenings_id, showtime, showtime_note, canceled, display) VALUES
    (DEFAULT, 11, $$2020-06-08 20:55:00-8:00$$, $$$$, 0, 0);
INSERT INTO showtimes (id, screenings_id, showtime, showtime_note, canceled, display) VALUES
    (DEFAULT, 11, $$2020-06-09 20:55:00-8:00$$, $$$$, 0, 0);
INSERT INTO showtimes (id, screenings_id, showtime, showtime_note, canceled, display) VALUES
    (DEFAULT, 11, $$2020-06-10 20:55:00-8:00$$, $$$$, 0, 0);
INSERT INTO showtimes (id, screenings_id, showtime, showtime_note, canceled, display) VALUES
    (DEFAULT, 4, $$2020-06-07 20:55:00-8:00$$, $$$$, 0, 0);
INSERT INTO showtimes (id, screenings_id, showtime, showtime_note, canceled, display) VALUES
    (DEFAULT, 4, $$2020-06-08 22:45:00-8:00$$, $$$$, 0, 0);
INSERT INTO showtimes (id, screenings_id, showtime, showtime_note, canceled, display) VALUES
    (DEFAULT, 4, $$2020-06-09 20:55:00-8:00$$, $$$$, 0, 0);
INSERT INTO showtimes (id, screenings_id, showtime, showtime_note, canceled, display) VALUES
    (DEFAULT, 4, $$2020-06-10 22:45:00-8:00$$, $$$$, 0, 0);
INSERT INTO showtimes (id, screenings_id, showtime, showtime_note, canceled, display) VALUES
    (DEFAULT, 5, $$2020-06-07 20:55:00-8:00$$, $$$$, 0, 0);
INSERT INTO showtimes (id, screenings_id, showtime, showtime_note, canceled, display) VALUES
    (DEFAULT, 5, $$2020-06-08 20:55:00-8:00$$, $$$$, 0, 0);
INSERT INTO showtimes (id, screenings_id, showtime, showtime_note, canceled, display) VALUES
    (DEFAULT, 5, $$2020-06-09 20:55:00-8:00$$, $$$$, 0, 0);
INSERT INTO showtimes (id, screenings_id, showtime, showtime_note, canceled, display) VALUES
    (DEFAULT, 5, $$2020-06-10 20:55:00-8:00$$, $$$$, 0, 0);
INSERT INTO showtimes (id, screenings_id, showtime, showtime_note, canceled, display) VALUES
    (DEFAULT, 3, $$2020-06-07 22:50:00-8:00$$, $$$$, 0, 0);
INSERT INTO showtimes (id, screenings_id, showtime, showtime_note, canceled, display) VALUES
    (DEFAULT, 3, $$2020-06-08 20:55:00-8:00$$, $$$$, 0, 0);
INSERT INTO showtimes (id, screenings_id, showtime, showtime_note, canceled, display) VALUES
    (DEFAULT, 3, $$2020-06-09 22:45:00-8:00$$, $$$$, 0, 0);
INSERT INTO showtimes (id, screenings_id, showtime, showtime_note, canceled, display) VALUES
    (DEFAULT, 3, $$2020-06-10 20:55:00-8:00$$, $$$$, 0, 0);
INSERT INTO showtimes (id, screenings_id, showtime, showtime_note, canceled, display) VALUES
    (DEFAULT, 6, $$2020-06-07 23:10:00-8:00$$, $$$$, 0, 0);
INSERT INTO showtimes (id, screenings_id, showtime, showtime_note, canceled, display) VALUES
    (DEFAULT, 6, $$2020-06-08 23:10:00-8:00$$, $$$$, 0, 0);
INSERT INTO showtimes (id, screenings_id, showtime, showtime_note, canceled, display) VALUES
    (DEFAULT, 6, $$2020-06-09 23:10:00-8:00$$, $$$$, 0, 0);
INSERT INTO showtimes (id, screenings_id, showtime, showtime_note, canceled, display) VALUES
    (DEFAULT, 6, $$2020-06-10 23:10:00-8:00$$, $$$$, 0, 0);
INSERT INTO screenings (id, movies_id, venues_id, screening_url, start_date, end_date, format, screening_note, canceled) VALUES
    (DEFAULT, 338967, 7, $$https://www.lakeportautomovies.com/$$, $$2020-06-05$$, $$2020-06-11$$, $$DCP$$, $$$$, 0);
INSERT INTO showtimes (id, screenings_id, showtime, showtime_note, canceled, display) VALUES
    (DEFAULT, 24, $$2020-06-09 21:00:00-8:00$$, $$$$, 0, 0);
INSERT INTO showtimes (id, screenings_id, showtime, showtime_note, canceled, display) VALUES
    (DEFAULT, 24, $$2020-06-10 21:00:00-8:00$$, $$$$, 0, 0);
INSERT INTO showtimes (id, screenings_id, showtime, showtime_note, canceled, display) VALUES
    (DEFAULT, 2, $$2020-06-07 23:15:00-8:00$$, $$$$, 0, 0);
INSERT INTO showtimes (id, screenings_id, showtime, showtime_note, canceled, display) VALUES
    (DEFAULT, 2, $$2020-06-08 20:55:00-8:00$$, $$$$, 0, 0);
INSERT INTO showtimes (id, screenings_id, showtime, showtime_note, canceled, display) VALUES
    (DEFAULT, 2, $$2020-06-09 23:15:00-8:00$$, $$$$, 0, 0);
INSERT INTO showtimes (id, screenings_id, showtime, showtime_note, canceled, display) VALUES
    (DEFAULT, 2, $$2020-06-10 20:55:00-8:00$$, $$$$, 0, 0);
INSERT INTO showtimes (id, screenings_id, showtime, showtime_note, canceled, display) VALUES
    (DEFAULT, 12, $$2020-06-07 23:25:00-8:00$$, $$$$, 0, 0);
INSERT INTO showtimes (id, screenings_id, showtime, showtime_note, canceled, display) VALUES
    (DEFAULT, 12, $$2020-06-08 23:25:00-8:00$$, $$$$, 0, 0);
INSERT INTO showtimes (id, screenings_id, showtime, showtime_note, canceled, display) VALUES
    (DEFAULT, 12, $$2020-06-09 23:25:00-8:00$$, $$$$, 0, 0);
INSERT INTO showtimes (id, screenings_id, showtime, showtime_note, canceled, display) VALUES
    (DEFAULT, 12, $$2020-06-10 23:25:00-8:00$$, $$$$, 0, 0);
INSERT INTO showtimes (id, screenings_id, showtime, showtime_note, canceled, display) VALUES
    (DEFAULT, 10, $$2020-06-08 20:55:00-8:00$$, $$$$, 0, 0);
INSERT INTO showtimes (id, screenings_id, showtime, showtime_note, canceled, display) VALUES
    (DEFAULT, 10, $$2020-06-10 20:55:00-8:00$$, $$$$, 0, 0);
INSERT INTO screenings (id, movies_id, venues_id, screening_url, start_date, end_date, format, screening_note, canceled) VALUES
    (DEFAULT, 1858, 6, $$https://www.westwinddi.com/locations/sacramento$$, $$2020-06-05$$, $$2020-06-11$$, $$DCP$$, $$$$, 0);
INSERT INTO showtimes (id, screenings_id, showtime, showtime_note, canceled, display) VALUES
    (DEFAULT, 25, $$2020-06-07 20:55:00-8:00$$, $$$$, 0, 0);
INSERT INTO showtimes (id, screenings_id, showtime, showtime_note, canceled, display) VALUES
    (DEFAULT, 25, $$2020-06-08 20:55:00-8:00$$, $$$$, 0, 0);
INSERT INTO showtimes (id, screenings_id, showtime, showtime_note, canceled, display) VALUES
    (DEFAULT, 25, $$2020-06-09 20:55:00-8:00$$, $$$$, 0, 0);
INSERT INTO showtimes (id, screenings_id, showtime, showtime_note, canceled, display) VALUES
    (DEFAULT, 25, $$2020-06-10 20:55:00-8:00$$, $$$$, 0, 0);
INSERT INTO screenings (id, movies_id, venues_id, screening_url, start_date, end_date, format, screening_note, canceled) VALUES
    (DEFAULT, 429617, 6, $$https://www.westwinddi.com/locations/sacramento$$, $$2020-06-05$$, $$2020-06-11$$, $$DCP$$, $$$$, 0);
INSERT INTO showtimes (id, screenings_id, showtime, showtime_note, canceled, display) VALUES
    (DEFAULT, 26, $$2020-06-07 20:55:00-8:00$$, $$$$, 0, 0);
INSERT INTO showtimes (id, screenings_id, showtime, showtime_note, canceled, display) VALUES
    (DEFAULT, 26, $$2020-06-08 23:20:00-8:00$$, $$$$, 0, 0);
INSERT INTO showtimes (id, screenings_id, showtime, showtime_note, canceled, display) VALUES
    (DEFAULT, 26, $$2020-06-09 20:55:00-8:00$$, $$$$, 0, 0);
INSERT INTO showtimes (id, screenings_id, showtime, showtime_note, canceled, display) VALUES
    (DEFAULT, 26, $$2020-06-10 20:55:00-8:00$$, $$$$, 0, 0);
INSERT INTO screenings (id, movies_id, venues_id, screening_url, start_date, end_date, format, screening_note, canceled) VALUES
    (DEFAULT, 533642, 6, $$https://www.westwinddi.com/locations/sacramento$$, $$2020-06-05$$, $$2020-06-11$$, $$DCP$$, $$$$, 0);
INSERT INTO showtimes (id, screenings_id, showtime, showtime_note, canceled, display) VALUES
    (DEFAULT, 27, $$2020-06-07 20:55:00-8:00$$, $$$$, 0, 0);
INSERT INTO showtimes (id, screenings_id, showtime, showtime_note, canceled, display) VALUES
    (DEFAULT, 27, $$2020-06-08 23:00:00-8:00$$, $$$$, 0, 0);
INSERT INTO showtimes (id, screenings_id, showtime, showtime_note, canceled, display) VALUES
    (DEFAULT, 27, $$2020-06-09 20:55:00-8:00$$, $$$$, 0, 0);
INSERT INTO showtimes (id, screenings_id, showtime, showtime_note, canceled, display) VALUES
    (DEFAULT, 27, $$2020-06-10 23:00:00-8:00$$, $$$$, 0, 0);
INSERT INTO screenings (id, movies_id, venues_id, screening_url, start_date, end_date, format, screening_note, canceled) VALUES
    (DEFAULT, 711696, 6, $$https://www.westwinddi.com/locations/sacramento$$, $$2020-06-05$$, $$2020-06-11$$, $$DCP$$, $$$$, 0);
INSERT INTO showtimes (id, screenings_id, showtime, showtime_note, canceled, display) VALUES
    (DEFAULT, 28, $$2020-06-07 20:55:00-8:00$$, $$$$, 0, 0);
INSERT INTO showtimes (id, screenings_id, showtime, showtime_note, canceled, display) VALUES
    (DEFAULT, 28, $$2020-06-08 01:15:00-8:00$$, $$$$, 0, 0);
INSERT INTO showtimes (id, screenings_id, showtime, showtime_note, canceled, display) VALUES
    (DEFAULT, 28, $$2020-06-08 20:55:00-8:00$$, $$$$, 0, 0);
INSERT INTO showtimes (id, screenings_id, showtime, showtime_note, canceled, display) VALUES
    (DEFAULT, 28, $$2020-06-09 20:55:00-8:00$$, $$$$, 0, 0);
INSERT INTO showtimes (id, screenings_id, showtime, showtime_note, canceled, display) VALUES
    (DEFAULT, 28, $$2020-06-10 20:55:00-8:00$$, $$$$, 0, 0);
INSERT INTO screenings (id, movies_id, venues_id, screening_url, start_date, end_date, format, screening_note, canceled) VALUES
    (DEFAULT, 502416, 6, $$https://www.westwinddi.com/locations/sacramento$$, $$2020-06-05$$, $$2020-06-11$$, $$DCP$$, $$$$, 0);
INSERT INTO showtimes (id, screenings_id, showtime, showtime_note, canceled, display) VALUES
    (DEFAULT, 29, $$2020-06-07 22:50:00-8:00$$, $$$$, 0, 0);
INSERT INTO showtimes (id, screenings_id, showtime, showtime_note, canceled, display) VALUES
    (DEFAULT, 29, $$2020-06-08 20:55:00-8:00$$, $$$$, 0, 0);
INSERT INTO showtimes (id, screenings_id, showtime, showtime_note, canceled, display) VALUES
    (DEFAULT, 29, $$2020-06-09 22:50:00-8:00$$, $$$$, 0, 0);
INSERT INTO showtimes (id, screenings_id, showtime, showtime_note, canceled, display) VALUES
    (DEFAULT, 29, $$2020-06-10 20:55:00-8:00$$, $$$$, 0, 0);
INSERT INTO screenings (id, movies_id, venues_id, screening_url, start_date, end_date, format, screening_note, canceled) VALUES
    (DEFAULT, 1584, 6, $$https://www.westwinddi.com/locations/sacramento$$, $$2020-06-05$$, $$2020-06-11$$, $$DCP$$, $$$$, 0);
INSERT INTO showtimes (id, screenings_id, showtime, showtime_note, canceled, display) VALUES
    (DEFAULT, 30, $$2020-06-07 23:00:00-8:00$$, $$$$, 0, 0);
INSERT INTO showtimes (id, screenings_id, showtime, showtime_note, canceled, display) VALUES
    (DEFAULT, 30, $$2020-06-08 23:00:00-8:00$$, $$$$, 0, 0);
INSERT INTO showtimes (id, screenings_id, showtime, showtime_note, canceled, display) VALUES
    (DEFAULT, 30, $$2020-06-09 23:00:00-8:00$$, $$$$, 0, 0);
INSERT INTO showtimes (id, screenings_id, showtime, showtime_note, canceled, display) VALUES
    (DEFAULT, 30, $$2020-06-10 23:00:00-8:00$$, $$$$, 0, 0);
INSERT INTO screenings (id, movies_id, venues_id, screening_url, start_date, end_date, format, screening_note, canceled) VALUES
    (DEFAULT, 512200, 6, $$https://www.westwinddi.com/locations/sacramento$$, $$2020-06-05$$, $$2020-06-11$$, $$DCP$$, $$$$, 0);
INSERT INTO showtimes (id, screenings_id, showtime, showtime_note, canceled, display) VALUES
    (DEFAULT, 31, $$2020-06-07 23:30:00-8:00$$, $$$$, 0, 0);
INSERT INTO showtimes (id, screenings_id, showtime, showtime_note, canceled, display) VALUES
    (DEFAULT, 31, $$2020-06-09 23:20:00-8:00$$, $$$$, 0, 0);
INSERT INTO showtimes (id, screenings_id, showtime, showtime_note, canceled, display) VALUES
    (DEFAULT, 31, $$2020-06-10 23:20:00-8:00$$, $$$$, 0, 0);
INSERT INTO screenings (id, movies_id, venues_id, screening_url, start_date, end_date, format, screening_note, canceled) VALUES
    (DEFAULT, 512200, 7, $$https://www.lakeportautomovies.com/$$, $$2020-06-05$$, $$2020-06-11$$, $$DCP$$, $$$$, 0);
INSERT INTO showtimes (id, screenings_id, showtime, showtime_note, canceled, display) VALUES
    (DEFAULT, 32, $$2020-06-07 21:00:00-8:00$$, $$$$, 0, 0);
INSERT INTO screenings (id, movies_id, venues_id, screening_url, start_date, end_date, format, screening_note, canceled) VALUES
    (DEFAULT, 8373, 6, $$https://www.westwinddi.com/locations/sacramento$$, $$2020-06-05$$, $$2020-06-11$$, $$DCP$$, $$$$, 0);
INSERT INTO showtimes (id, screenings_id, showtime, showtime_note, canceled, display) VALUES
    (DEFAULT, 33, $$2020-06-07 23:45:00-8:00$$, $$$$, 0, 0);
INSERT INTO showtimes (id, screenings_id, showtime, showtime_note, canceled, display) VALUES
    (DEFAULT, 33, $$2020-06-08 23:45:00-8:00$$, $$$$, 0, 0);
INSERT INTO showtimes (id, screenings_id, showtime, showtime_note, canceled, display) VALUES
    (DEFAULT, 33, $$2020-06-09 23:45:00-8:00$$, $$$$, 0, 0);
INSERT INTO showtimes (id, screenings_id, showtime, showtime_note, canceled, display) VALUES
    (DEFAULT, 33, $$2020-06-10 23:45:00-8:00$$, $$$$, 0, 0);
INSERT INTO screenings (id, movies_id, venues_id, screening_url, start_date, end_date, format, screening_note, canceled) VALUES
    (DEFAULT, 324857, 6, $$https://www.westwinddi.com/locations/sacramento$$, $$2020-06-05$$, $$2020-06-11$$, $$DCP$$, $$$$, 0);
INSERT INTO showtimes (id, screenings_id, showtime, showtime_note, canceled, display) VALUES
    (DEFAULT, 34, $$2020-06-08 20:55:00-8:00$$, $$$$, 0, 0);
INSERT INTO screenings (id, movies_id, venues_id, screening_url, start_date, end_date, format, screening_note, canceled) VALUES
    (DEFAULT, 38700, 7, $$https://www.lakeportautomovies.com/$$, $$2020-06-05$$, $$2020-06-11$$, $$DCP$$, $$$$, 0);
INSERT INTO showtimes (id, screenings_id, showtime, showtime_note, canceled, display) VALUES
    (DEFAULT, 35, $$2020-06-08 21:00:00-8:00$$, $$$$, 0, 0);
INSERT INTO screenings (id, movies_id, venues_id, screening_url, start_date, end_date, format, screening_note, canceled) VALUES
    (DEFAULT, 621, 7, $$https://www.lakeportautomovies.com/$$, $$2020-06-05$$, $$2020-06-11$$, $$DCP$$, $$$$, 0);
INSERT INTO showtimes (id, screenings_id, showtime, showtime_note, canceled, display) VALUES
    (DEFAULT, 36, $$2020-06-11 21:00:00-8:00$$, $$$$, 0, 0);
INSERT INTO screenings_series (screenings_id, series_id) VALUES
    (16, 1);
INSERT INTO screenings_series (screenings_id, series_id) VALUES
    (17, 1);
INSERT INTO screenings_series (screenings_id, series_id) VALUES
    (18, 1);
INSERT INTO screenings_series (screenings_id, series_id) VALUES
    (19, 1);
INSERT INTO screenings_series (screenings_id, series_id) VALUES
    (20, 1);
INSERT INTO screenings_series (screenings_id, series_id) VALUES
    (21, 1);
INSERT INTO screenings_series (screenings_id, series_id) VALUES
    (22, 1);
INSERT INTO screenings_series (screenings_id, series_id) VALUES
    (23, 1);
INSERT INTO screenings_series (screenings_id, series_id) VALUES
    (24, 1);
INSERT INTO screenings_series (screenings_id, series_id) VALUES
    (25, 1);
INSERT INTO screenings_series (screenings_id, series_id) VALUES
    (26, 1);
INSERT INTO screenings_series (screenings_id, series_id) VALUES
    (27, 1);
INSERT INTO screenings_series (screenings_id, series_id) VALUES
    (28, 1);
INSERT INTO screenings_series (screenings_id, series_id) VALUES
    (29, 1);
INSERT INTO screenings_series (screenings_id, series_id) VALUES
    (30, 1);
INSERT INTO screenings_series (screenings_id, series_id) VALUES
    (31, 1);
INSERT INTO screenings_series (screenings_id, series_id) VALUES
    (32, 1);
INSERT INTO screenings_series (screenings_id, series_id) VALUES
    (33, 1);
INSERT INTO screenings_series (screenings_id, series_id) VALUES
    (34, 1);
INSERT INTO screenings_series (screenings_id, series_id) VALUES
    (35, 1);
INSERT INTO screenings_series (screenings_id, series_id) VALUES
    (36, 1);


UPDATE screenings SET end_date = $$2020-06-11$$ WHERE id = 13;
UPDATE screenings SET end_date = $$2020-06-11$$ WHERE id = 7;
UPDATE screenings SET end_date = $$2020-06-11$$ WHERE id = 14;
UPDATE screenings SET end_date = $$2020-06-11$$ WHERE id = 8;
UPDATE screenings SET end_date = $$2020-06-11$$ WHERE id = 15;
UPDATE screenings SET end_date = $$2020-06-11$$ WHERE id = 9;
UPDATE screenings SET end_date = $$2020-06-11$$ WHERE id = 1;
UPDATE screenings SET end_date = $$2020-06-11$$ WHERE id = 11;
UPDATE screenings SET end_date = $$2020-06-11$$ WHERE id = 4;
UPDATE screenings SET end_date = $$2020-06-11$$ WHERE id = 5;
UPDATE screenings SET end_date = $$2020-06-11$$ WHERE id = 3;
UPDATE screenings SET end_date = $$2020-06-11$$ WHERE id = 6;
UPDATE screenings SET end_date = $$2020-06-11$$ WHERE id = 2;
UPDATE screenings SET end_date = $$2020-06-11$$ WHERE id = 12;
UPDATE screenings SET end_date = $$2020-06-11$$ WHERE id = 10;

UPDATE screenings SET canceled = 0 WHERE id = 1;
UPDATE screenings SET canceled = 0 WHERE id = 2;
UPDATE screenings SET canceled = 0 WHERE id = 3;
UPDATE screenings SET canceled = 0 WHERE id = 4;
UPDATE screenings SET canceled = 0 WHERE id = 5;
UPDATE screenings SET canceled = 0 WHERE id = 6;
UPDATE screenings SET canceled = 0 WHERE id = 7;
UPDATE screenings SET canceled = 0 WHERE id = 8;
UPDATE screenings SET canceled = 0 WHERE id = 9;
UPDATE screenings SET canceled = 0 WHERE id = 10;
UPDATE screenings SET canceled = 0 WHERE id = 11;

INSERT INTO featured_films (id, screenings_id, ondate, featured_image, author, article) VALUES
    (DEFAULT, 14, $$2020-06-05$$, $$https://storage.googleapis.com/filmcans/5DM1JEWvxJKORSjKTWjRwmLKIzu.jpg$$, $$Omar Rodriguez$$, $$Today's pick is The Invisible Man, playing as a double feature with The Hunt at the Solano Drive In$$);
INSERT INTO featured_films (id, screenings_id, ondate, featured_image, author, article) VALUES
    (DEFAULT, 14, $$2020-06-06$$, $$https://storage.googleapis.com/filmcans/5DM1JEWvxJKORSjKTWjRwmLKIzu.jpg$$, $$Omar Rodriguez$$, $$Today's pick is The Invisible Man, playing as a double feature with The Hunt at the Solano Drive In$$);
INSERT INTO featured_films (id, screenings_id, ondate, featured_image, author, article) VALUES
    (DEFAULT, 14, $$2020-06-07$$, $$https://storage.googleapis.com/filmcans/5DM1JEWvxJKORSjKTWjRwmLKIzu.jpg$$, $$Omar Rodriguez$$, $$Today's pick is The Invisible Man, playing as a double feature with The Hunt at the Solano Drive In$$);
INSERT INTO featured_films (id, screenings_id, ondate, featured_image, author, article) VALUES
    (DEFAULT, 14, $$2020-06-08$$, $$https://storage.googleapis.com/filmcans/5DM1JEWvxJKORSjKTWjRwmLKIzu.jpg$$, $$Omar Rodriguez$$, $$Today's pick is The Invisible Man, playing as a double feature with The Hunt at the Solano Drive In$$);
INSERT INTO featured_films (id, screenings_id, ondate, featured_image, author, article) VALUES
    (DEFAULT, 14, $$2020-06-09$$, $$https://storage.googleapis.com/filmcans/5DM1JEWvxJKORSjKTWjRwmLKIzu.jpg$$, $$Omar Rodriguez$$, $$Today's pick is The Invisible Man, playing as a double feature with The Hunt at the Solano Drive In$$);
INSERT INTO featured_films (id, screenings_id, ondate, featured_image, author, article) VALUES
    (DEFAULT, 14, $$2020-06-10$$, $$https://storage.googleapis.com/filmcans/5DM1JEWvxJKORSjKTWjRwmLKIzu.jpg$$, $$Omar Rodriguez$$, $$Today's pick is The Invisible Man, playing as a double feature with The Hunt at the Solano Drive In$$);
INSERT INTO featured_films (id, screenings_id, ondate, featured_image, author, article) VALUES
    (DEFAULT, 14, $$2020-06-11$$, $$https://storage.googleapis.com/filmcans/5DM1JEWvxJKORSjKTWjRwmLKIzu.jpg$$, $$Omar Rodriguez$$, $$Today's pick is The Invisible Man, playing as a double feature with The Hunt at the Solano Drive In$$);
INSERT INTO featured_films (id, screenings_id, ondate, featured_image, author, article) VALUES
    (DEFAULT, 14, $$2020-05-31$$, $$https://storage.googleapis.com/filmcans/5DM1JEWvxJKORSjKTWjRwmLKIzu.jpg$$, $$Omar Rodriguez$$, $$The only place to catch a movie in the Bay Area is in Concord, as San Jose is currently under nightly curfew until the end of the week. The two screens at the Solano Drive-In play four movies, very dark tales for adults and more hopeful cartoons about friendship for the kids. Our pick is The Invisible Man, playing as a double feature with The Hunt. $$);
INSERT INTO featured_films (id, screenings_id, ondate, featured_image, author, article) VALUES
    (DEFAULT, 14, $$2020-06-01$$, $$https://storage.googleapis.com/filmcans/5DM1JEWvxJKORSjKTWjRwmLKIzu.jpg$$, $$Omar Rodriguez$$, $$The only place to catch a movie in the Bay Area is in Concord, as San Jose is currently under nightly curfew until the end of the week. The two screens at the Solano Drive-In play four movies, very dark tales for adults and more hopeful cartoons about friendship for the kids. Our pick is The Invisible Man, playing as a double feature with The Hunt. $$);
INSERT INTO featured_films (id, screenings_id, ondate, featured_image, author, article) VALUES
    (DEFAULT, 14, $$2020-06-02$$, $$https://storage.googleapis.com/filmcans/5DM1JEWvxJKORSjKTWjRwmLKIzu.jpg$$, $$Omar Rodriguez$$, $$The only place to catch a movie in the Bay Area is in Concord, as San Jose is currently under nightly curfew until the end of the week. The two screens at the Solano Drive-In play four movies, very dark tales for adults and more hopeful cartoons about friendship for the kids. Our pick is The Invisible Man, playing as a double feature with The Hunt. $$);
INSERT INTO featured_films (id, screenings_id, ondate, featured_image, author, article) VALUES
    (DEFAULT, 14, $$2020-06-03$$, $$https://storage.googleapis.com/filmcans/5DM1JEWvxJKORSjKTWjRwmLKIzu.jpg$$, $$Omar Rodriguez$$, $$The only place to catch a movie in the Bay Area is in Concord, as San Jose is currently under nightly curfew until the end of the week. The two screens at the Solano Drive-In play four movies, very dark tales for adults and more hopeful cartoons about friendship for the kids. Our pick is The Invisible Man, playing as a double feature with The Hunt. $$);
INSERT INTO featured_films (id, screenings_id, ondate, featured_image, author, article) VALUES
    (DEFAULT, 14, $$2020-06-04$$, $$https://storage.googleapis.com/filmcans/5DM1JEWvxJKORSjKTWjRwmLKIzu.jpg$$, $$Omar Rodriguez$$, $$The only place to catch a movie in the Bay Area is in Concord, as San Jose is currently under nightly curfew until the end of the week. The two screens at the Solano Drive-In play four movies, very dark tales for adults and more hopeful cartoons about friendship for the kids. Our pick is The Invisible Man, playing as a double feature with The Hunt. $$);
INSERT INTO featured_films (id, screenings_id, ondate, featured_image, author, article) VALUES
    (DEFAULT, 14, $$2020-06-05$$, $$https://storage.googleapis.com/filmcans/5DM1JEWvxJKORSjKTWjRwmLKIzu.jpg$$, $$Omar Rodriguez$$, $$Today's pick is The Invisible Man, playing as a double feature with The Hunt at the Solano Drive In$$);
INSERT INTO featured_films (id, screenings_id, ondate, featured_image, author, article) VALUES
    (DEFAULT, 14, $$2020-06-06$$, $$https://storage.googleapis.com/filmcans/5DM1JEWvxJKORSjKTWjRwmLKIzu.jpg$$, $$Omar Rodriguez$$, $$Today's pick is The Invisible Man, playing as a double feature with The Hunt at the Solano Drive In$$);
INSERT INTO featured_films (id, screenings_id, ondate, featured_image, author, article) VALUES
    (DEFAULT, 14, $$2020-06-07$$, $$https://storage.googleapis.com/filmcans/5DM1JEWvxJKORSjKTWjRwmLKIzu.jpg$$, $$Omar Rodriguez$$, $$Today's pick is The Invisible Man, playing as a double feature with The Hunt at the Solano Drive In$$);
INSERT INTO featured_films (id, screenings_id, ondate, featured_image, author, article) VALUES
    (DEFAULT, 14, $$2020-06-08$$, $$https://storage.googleapis.com/filmcans/5DM1JEWvxJKORSjKTWjRwmLKIzu.jpg$$, $$Omar Rodriguez$$, $$Today's pick is The Invisible Man, playing as a double feature with The Hunt at the Solano Drive In$$);
INSERT INTO featured_films (id, screenings_id, ondate, featured_image, author, article) VALUES
    (DEFAULT, 14, $$2020-06-09$$, $$https://storage.googleapis.com/filmcans/5DM1JEWvxJKORSjKTWjRwmLKIzu.jpg$$, $$Omar Rodriguez$$, $$Today's pick is The Invisible Man, playing as a double feature with The Hunt at the Solano Drive In$$);
INSERT INTO featured_films (id, screenings_id, ondate, featured_image, author, article) VALUES
    (DEFAULT, 14, $$2020-06-10$$, $$https://storage.googleapis.com/filmcans/5DM1JEWvxJKORSjKTWjRwmLKIzu.jpg$$, $$Omar Rodriguez$$, $$Today's pick is The Invisible Man, playing as a double feature with The Hunt at the Solano Drive In$$);
INSERT INTO featured_films (id, screenings_id, ondate, featured_image, author, article) VALUES
    (DEFAULT, 14, $$2020-06-11$$, $$https://storage.googleapis.com/filmcans/5DM1JEWvxJKORSjKTWjRwmLKIzu.jpg$$, $$Omar Rodriguez$$, $$Today's pick is The Invisible Man, playing as a double feature with The Hunt at the Solano Drive In$$);


INSERT INTO screenings (id, movies_id, venues_id, screening_url, start_date, end_date, format, screening_note, canceled) VALUES
    (DEFAULT, 565719, 8, $$https://www.cinemasf.com/balboa/$$, $$2020-06-12$$, $$2020-06-18$$, $$Virtual Screening$$, $$$$, 0);
INSERT INTO screenings (id, movies_id, venues_id, screening_url, start_date, end_date, format, screening_note, canceled) VALUES
    (DEFAULT, 158999, 8, $$https://www.cinemasf.com/balboa/$$, $$2020-06-12$$, $$2020-06-18$$, $$Virtual Screening$$, $$$$, 0);
INSERT INTO screenings (id, movies_id, venues_id, screening_url, start_date, end_date, format, screening_note, canceled) VALUES
    (DEFAULT, 576554, 8, $$https://www.cinemasf.com/balboa/$$, $$2020-06-12$$, $$2020-06-18$$, $$Virtual Screening$$, $$$$, 0);
INSERT INTO screenings (id, movies_id, venues_id, screening_url, start_date, end_date, format, screening_note, canceled) VALUES
    (DEFAULT, 565536, 8, $$https://www.cinemasf.com/balboa/$$, $$2020-06-12$$, $$2020-06-18$$, $$Virtual Screening$$, $$$$, 0);
INSERT INTO screenings (id, movies_id, venues_id, screening_url, start_date, end_date, format, screening_note, canceled) VALUES
    (DEFAULT, 597588, 8, $$https://www.cinemasf.com/balboa/$$, $$2020-06-12$$, $$2020-06-18$$, $$Virtual Screening$$, $$$$, 0);
INSERT INTO screenings (id, movies_id, venues_id, screening_url, start_date, end_date, format, screening_note, canceled) VALUES
    (DEFAULT, 250766, 8, $$https://www.cinemasf.com/balboa/$$, $$2020-06-12$$, $$2020-06-18$$, $$Virtual Screening$$, $$$$, 0);
INSERT INTO screenings (id, movies_id, venues_id, screening_url, start_date, end_date, format, screening_note, canceled) VALUES
    (DEFAULT, 576002, 8, $$https://www.cinemasf.com/balboa/$$, $$2020-06-12$$, $$2020-06-18$$, $$Virtual Screening$$, $$$$, 0);
INSERT INTO screenings (id, movies_id, venues_id, screening_url, start_date, end_date, format, screening_note, canceled) VALUES
    (DEFAULT, 680601, 8, $$https://www.cinemasf.com/balboa/$$, $$2020-06-12$$, $$2020-06-18$$, $$Virtual Screening$$, $$$$, 0);
INSERT INTO screenings (id, movies_id, venues_id, screening_url, start_date, end_date, format, screening_note, canceled) VALUES
    (DEFAULT, 582883, 8, $$https://www.cinemasf.com/balboa/$$, $$2020-06-12$$, $$2020-06-18$$, $$Virtual Screening$$, $$$$, 0);
INSERT INTO screenings (id, movies_id, venues_id, screening_url, start_date, end_date, format, screening_note, canceled) VALUES
    (DEFAULT, 579191, 8, $$https://www.cinemasf.com/balboa/$$, $$2020-06-12$$, $$2020-06-18$$, $$Virtual Screening$$, $$$$, 0);
INSERT INTO screenings (id, movies_id, venues_id, screening_url, start_date, end_date, format, screening_note, canceled) VALUES
    (DEFAULT, 629704, 8, $$https://www.cinemasf.com/balboa/$$, $$2020-06-12$$, $$2020-06-18$$, $$Virtual Screening$$, $$$$, 0);
INSERT INTO screenings (id, movies_id, venues_id, screening_url, start_date, end_date, format, screening_note, canceled) VALUES
    (DEFAULT, 517148, 8, $$https://www.cinemasf.com/balboa/$$, $$2020-06-12$$, $$2020-06-18$$, $$Virtual Screening$$, $$$$, 0);
INSERT INTO screenings (id, movies_id, venues_id, screening_url, start_date, end_date, format, screening_note, canceled) VALUES
    (DEFAULT, 538227, 8, $$https://www.cinemasf.com/balboa/$$, $$2020-06-12$$, $$2020-06-18$$, $$Virtual Screening$$, $$$$, 0);
INSERT INTO screenings (id, movies_id, venues_id, screening_url, start_date, end_date, format, screening_note, canceled) VALUES
    (DEFAULT, 433036, 3, $$https://www.roxie.com/whose-streets/$$, $$2020-06-05$$, $$2020-06-18$$, $$Virtual Screening$$, $$$$, 0);
INSERT INTO screenings (id, movies_id, venues_id, screening_url, start_date, end_date, format, screening_note, canceled) VALUES
    (DEFAULT, 592997, 3, $$https://watch.eventive.org/youdontnomimovie/play/5ede7cd91e3a000078c14ffc$$, $$2020-06-09$$, $$2020-06-18$$, $$Virtual Screening$$, $$$$, 0);
INSERT INTO screenings (id, movies_id, venues_id, screening_url, start_date, end_date, format, screening_note, canceled) VALUES
    (DEFAULT, 575426, 3, $$https://kinonow.com/tommaso-roxie-theater$$, $$2020-06-05$$, $$2020-06-18$$, $$Virtual Screening$$, $$$$, 0);
INSERT INTO screenings (id, movies_id, venues_id, screening_url, start_date, end_date, format, screening_note, canceled) VALUES
    (DEFAULT, 547017, 3, $$https://vimeo.com/ondemand/ursulaattheroxie$$, $$2020-06-05$$, $$2020-06-18$$, $$Virtual Screening$$, $$$$, 0);
INSERT INTO screenings (id, movies_id, venues_id, screening_url, start_date, end_date, format, screening_note, canceled) VALUES
    (DEFAULT, 597588, 3, $$https://kinonow.com/lucky-grandma-roxie-theater$$, $$2020-05-29$$, $$2020-06-18$$, $$Virtual Screening$$, $$$$, 0);
INSERT INTO screenings (id, movies_id, venues_id, screening_url, start_date, end_date, format, screening_note, canceled) VALUES
    (DEFAULT, 617771, 10, $$https://www.magnoliapictures.com/alamodrafthousesanfrancisco-oncewerebrothers$$, $$2020-06-12$$, $$2020-06-18$$, $$Virtual Screening$$, $$$$, 0);
INSERT INTO screenings (id, movies_id, venues_id, screening_url, start_date, end_date, format, screening_note, canceled) VALUES
    (DEFAULT, 144597, 8, $$https://www.cinemasf.com/events-calendar/popcorn-pop-up-stay-at-home-viewing-of-black-panthers$$, $$2020-06-13$$, $$2020-06-13$$, $$Virtual Screening$$, $$$$, 0);
INSERT INTO screenings (id, movies_id, venues_id, screening_url, start_date, end_date, format, screening_note, canceled) VALUES
    (DEFAULT, 601425, 8, $$https://www.cinemasf.com/events-calendar/queen-of-lapa$$, $$2020-06-19$$, $$2020-06-25$$, $$Virtual Screening$$, $$$$, 0);
INSERT INTO screenings (id, movies_id, venues_id, screening_url, start_date, end_date, format, screening_note, canceled) VALUES
    (DEFAULT, 603141, 8, $$https://www.cinemasf.com/events-calendar/picture-of-his-life$$, $$2020-06-19$$, $$2020-06-25$$, $$Virtual Screening$$, $$$$, 0);
INSERT INTO screenings (id, movies_id, venues_id, screening_url, start_date, end_date, format, screening_note, canceled) VALUES
    (DEFAULT, 141817, 8, $$https://www.cinemasf.com/events-calendar/plimpton-starring-george-plimpton-as-himself$$, $$2020-06-19$$, $$2020-06-25$$, $$Virtual Screening$$, $$$$, 0);
INSERT INTO screenings (id, movies_id, venues_id, screening_url, start_date, end_date, format, screening_note, canceled) VALUES
    (DEFAULT, 565386, 8, $$https://www.cinemasf.com/events-calendar/the-last-tree$$, $$2020-06-26$$, $$2020-06-25$$, $$Virtual Screening$$, $$$$, 0);
INSERT INTO screenings (id, movies_id, venues_id, screening_url, start_date, end_date, format, screening_note, canceled) VALUES
    (DEFAULT, 607146, 8, $$https://www.cinemasf.com/events-calendar/ella-fitzgerald-just-one-of-those-things$$, $$2020-06-26$$, $$2020-06-25$$, $$Virtual Screening$$, $$$$, 0);
INSERT INTO showtimes (id, screenings_id, showtime, showtime_note, canceled, display) VALUES
    (DEFAULT, 37, $$2020-06-12 12:00:00-8:00$$, $$$$, 0, 1);
INSERT INTO showtimes (id, screenings_id, showtime, showtime_note, canceled, display) VALUES
    (DEFAULT, 37, $$2020-06-13 12:00:00-8:00$$, $$$$, 0, 1);
INSERT INTO showtimes (id, screenings_id, showtime, showtime_note, canceled, display) VALUES
    (DEFAULT, 37, $$2020-06-14 12:00:00-8:00$$, $$$$, 0, 1);
INSERT INTO showtimes (id, screenings_id, showtime, showtime_note, canceled, display) VALUES
    (DEFAULT, 37, $$2020-06-15 12:00:00-8:00$$, $$$$, 0, 1);
INSERT INTO showtimes (id, screenings_id, showtime, showtime_note, canceled, display) VALUES
    (DEFAULT, 37, $$2020-06-16 12:00:00-8:00$$, $$$$, 0, 1);
INSERT INTO showtimes (id, screenings_id, showtime, showtime_note, canceled, display) VALUES
    (DEFAULT, 37, $$2020-06-17 12:00:00-8:00$$, $$$$, 0, 1);
INSERT INTO showtimes (id, screenings_id, showtime, showtime_note, canceled, display) VALUES
    (DEFAULT, 37, $$2020-06-18 12:00:00-8:00$$, $$$$, 0, 1);
INSERT INTO showtimes (id, screenings_id, showtime, showtime_note, canceled, display) VALUES
    (DEFAULT, 38, $$2020-06-12 12:00:00-8:00$$, $$$$, 0, 1);
INSERT INTO showtimes (id, screenings_id, showtime, showtime_note, canceled, display) VALUES
    (DEFAULT, 38, $$2020-06-13 12:00:00-8:00$$, $$$$, 0, 1);
INSERT INTO showtimes (id, screenings_id, showtime, showtime_note, canceled, display) VALUES
    (DEFAULT, 38, $$2020-06-14 12:00:00-8:00$$, $$$$, 0, 1);
INSERT INTO showtimes (id, screenings_id, showtime, showtime_note, canceled, display) VALUES
    (DEFAULT, 38, $$2020-06-15 12:00:00-8:00$$, $$$$, 0, 1);
INSERT INTO showtimes (id, screenings_id, showtime, showtime_note, canceled, display) VALUES
    (DEFAULT, 38, $$2020-06-16 12:00:00-8:00$$, $$$$, 0, 1);
INSERT INTO showtimes (id, screenings_id, showtime, showtime_note, canceled, display) VALUES
    (DEFAULT, 38, $$2020-06-17 12:00:00-8:00$$, $$$$, 0, 1);
INSERT INTO showtimes (id, screenings_id, showtime, showtime_note, canceled, display) VALUES
    (DEFAULT, 38, $$2020-06-18 12:00:00-8:00$$, $$$$, 0, 1);
INSERT INTO showtimes (id, screenings_id, showtime, showtime_note, canceled, display) VALUES
    (DEFAULT, 39, $$2020-06-12 12:00:00-8:00$$, $$$$, 0, 1);
INSERT INTO showtimes (id, screenings_id, showtime, showtime_note, canceled, display) VALUES
    (DEFAULT, 39, $$2020-06-13 12:00:00-8:00$$, $$$$, 0, 1);
INSERT INTO showtimes (id, screenings_id, showtime, showtime_note, canceled, display) VALUES
    (DEFAULT, 39, $$2020-06-14 12:00:00-8:00$$, $$$$, 0, 1);
INSERT INTO showtimes (id, screenings_id, showtime, showtime_note, canceled, display) VALUES
    (DEFAULT, 39, $$2020-06-15 12:00:00-8:00$$, $$$$, 0, 1);
INSERT INTO showtimes (id, screenings_id, showtime, showtime_note, canceled, display) VALUES
    (DEFAULT, 39, $$2020-06-16 12:00:00-8:00$$, $$$$, 0, 1);
INSERT INTO showtimes (id, screenings_id, showtime, showtime_note, canceled, display) VALUES
    (DEFAULT, 39, $$2020-06-17 12:00:00-8:00$$, $$$$, 0, 1);
INSERT INTO showtimes (id, screenings_id, showtime, showtime_note, canceled, display) VALUES
    (DEFAULT, 39, $$2020-06-18 12:00:00-8:00$$, $$$$, 0, 1);
INSERT INTO showtimes (id, screenings_id, showtime, showtime_note, canceled, display) VALUES
    (DEFAULT, 40, $$2020-06-12 12:00:00-8:00$$, $$$$, 0, 1);
INSERT INTO showtimes (id, screenings_id, showtime, showtime_note, canceled, display) VALUES
    (DEFAULT, 40, $$2020-06-13 12:00:00-8:00$$, $$$$, 0, 1);
INSERT INTO showtimes (id, screenings_id, showtime, showtime_note, canceled, display) VALUES
    (DEFAULT, 40, $$2020-06-14 12:00:00-8:00$$, $$$$, 0, 1);
INSERT INTO showtimes (id, screenings_id, showtime, showtime_note, canceled, display) VALUES
    (DEFAULT, 40, $$2020-06-15 12:00:00-8:00$$, $$$$, 0, 1);
INSERT INTO showtimes (id, screenings_id, showtime, showtime_note, canceled, display) VALUES
    (DEFAULT, 40, $$2020-06-16 12:00:00-8:00$$, $$$$, 0, 1);
INSERT INTO showtimes (id, screenings_id, showtime, showtime_note, canceled, display) VALUES
    (DEFAULT, 40, $$2020-06-17 12:00:00-8:00$$, $$$$, 0, 1);
INSERT INTO showtimes (id, screenings_id, showtime, showtime_note, canceled, display) VALUES
    (DEFAULT, 40, $$2020-06-18 12:00:00-8:00$$, $$$$, 0, 1);
INSERT INTO showtimes (id, screenings_id, showtime, showtime_note, canceled, display) VALUES
    (DEFAULT, 41, $$2020-06-12 12:00:00-8:00$$, $$$$, 0, 1);
INSERT INTO showtimes (id, screenings_id, showtime, showtime_note, canceled, display) VALUES
    (DEFAULT, 41, $$2020-06-13 12:00:00-8:00$$, $$$$, 0, 1);
INSERT INTO showtimes (id, screenings_id, showtime, showtime_note, canceled, display) VALUES
    (DEFAULT, 41, $$2020-06-14 12:00:00-8:00$$, $$$$, 0, 1);
INSERT INTO showtimes (id, screenings_id, showtime, showtime_note, canceled, display) VALUES
    (DEFAULT, 41, $$2020-06-15 12:00:00-8:00$$, $$$$, 0, 1);
INSERT INTO showtimes (id, screenings_id, showtime, showtime_note, canceled, display) VALUES
    (DEFAULT, 41, $$2020-06-16 12:00:00-8:00$$, $$$$, 0, 1);
INSERT INTO showtimes (id, screenings_id, showtime, showtime_note, canceled, display) VALUES
    (DEFAULT, 41, $$2020-06-17 12:00:00-8:00$$, $$$$, 0, 1);
INSERT INTO showtimes (id, screenings_id, showtime, showtime_note, canceled, display) VALUES
    (DEFAULT, 41, $$2020-06-18 12:00:00-8:00$$, $$$$, 0, 1);
INSERT INTO showtimes (id, screenings_id, showtime, showtime_note, canceled, display) VALUES
    (DEFAULT, 42, $$2020-06-12 12:00:00-8:00$$, $$$$, 0, 1);
INSERT INTO showtimes (id, screenings_id, showtime, showtime_note, canceled, display) VALUES
    (DEFAULT, 42, $$2020-06-13 12:00:00-8:00$$, $$$$, 0, 1);
INSERT INTO showtimes (id, screenings_id, showtime, showtime_note, canceled, display) VALUES
    (DEFAULT, 42, $$2020-06-14 12:00:00-8:00$$, $$$$, 0, 1);
INSERT INTO showtimes (id, screenings_id, showtime, showtime_note, canceled, display) VALUES
    (DEFAULT, 42, $$2020-06-15 12:00:00-8:00$$, $$$$, 0, 1);
INSERT INTO showtimes (id, screenings_id, showtime, showtime_note, canceled, display) VALUES
    (DEFAULT, 42, $$2020-06-16 12:00:00-8:00$$, $$$$, 0, 1);
INSERT INTO showtimes (id, screenings_id, showtime, showtime_note, canceled, display) VALUES
    (DEFAULT, 42, $$2020-06-17 12:00:00-8:00$$, $$$$, 0, 1);
INSERT INTO showtimes (id, screenings_id, showtime, showtime_note, canceled, display) VALUES
    (DEFAULT, 42, $$2020-06-18 12:00:00-8:00$$, $$$$, 0, 1);
INSERT INTO showtimes (id, screenings_id, showtime, showtime_note, canceled, display) VALUES
    (DEFAULT, 43, $$2020-06-12 12:00:00-8:00$$, $$$$, 0, 1);
INSERT INTO showtimes (id, screenings_id, showtime, showtime_note, canceled, display) VALUES
    (DEFAULT, 43, $$2020-06-13 12:00:00-8:00$$, $$$$, 0, 1);
INSERT INTO showtimes (id, screenings_id, showtime, showtime_note, canceled, display) VALUES
    (DEFAULT, 43, $$2020-06-14 12:00:00-8:00$$, $$$$, 0, 1);
INSERT INTO showtimes (id, screenings_id, showtime, showtime_note, canceled, display) VALUES
    (DEFAULT, 43, $$2020-06-15 12:00:00-8:00$$, $$$$, 0, 1);
INSERT INTO showtimes (id, screenings_id, showtime, showtime_note, canceled, display) VALUES
    (DEFAULT, 43, $$2020-06-16 12:00:00-8:00$$, $$$$, 0, 1);
INSERT INTO showtimes (id, screenings_id, showtime, showtime_note, canceled, display) VALUES
    (DEFAULT, 43, $$2020-06-17 12:00:00-8:00$$, $$$$, 0, 1);
INSERT INTO showtimes (id, screenings_id, showtime, showtime_note, canceled, display) VALUES
    (DEFAULT, 43, $$2020-06-18 12:00:00-8:00$$, $$$$, 0, 1);
INSERT INTO showtimes (id, screenings_id, showtime, showtime_note, canceled, display) VALUES
    (DEFAULT, 44, $$2020-06-12 12:00:00-8:00$$, $$$$, 0, 1);
INSERT INTO showtimes (id, screenings_id, showtime, showtime_note, canceled, display) VALUES
    (DEFAULT, 44, $$2020-06-13 12:00:00-8:00$$, $$$$, 0, 1);
INSERT INTO showtimes (id, screenings_id, showtime, showtime_note, canceled, display) VALUES
    (DEFAULT, 44, $$2020-06-14 12:00:00-8:00$$, $$$$, 0, 1);
INSERT INTO showtimes (id, screenings_id, showtime, showtime_note, canceled, display) VALUES
    (DEFAULT, 44, $$2020-06-15 12:00:00-8:00$$, $$$$, 0, 1);
INSERT INTO showtimes (id, screenings_id, showtime, showtime_note, canceled, display) VALUES
    (DEFAULT, 44, $$2020-06-16 12:00:00-8:00$$, $$$$, 0, 1);
INSERT INTO showtimes (id, screenings_id, showtime, showtime_note, canceled, display) VALUES
    (DEFAULT, 44, $$2020-06-17 12:00:00-8:00$$, $$$$, 0, 1);
INSERT INTO showtimes (id, screenings_id, showtime, showtime_note, canceled, display) VALUES
    (DEFAULT, 44, $$2020-06-18 12:00:00-8:00$$, $$$$, 0, 1);
INSERT INTO showtimes (id, screenings_id, showtime, showtime_note, canceled, display) VALUES
    (DEFAULT, 45, $$2020-06-12 12:00:00-8:00$$, $$$$, 0, 1);
INSERT INTO showtimes (id, screenings_id, showtime, showtime_note, canceled, display) VALUES
    (DEFAULT, 45, $$2020-06-13 12:00:00-8:00$$, $$$$, 0, 1);
INSERT INTO showtimes (id, screenings_id, showtime, showtime_note, canceled, display) VALUES
    (DEFAULT, 45, $$2020-06-14 12:00:00-8:00$$, $$$$, 0, 1);
INSERT INTO showtimes (id, screenings_id, showtime, showtime_note, canceled, display) VALUES
    (DEFAULT, 45, $$2020-06-15 12:00:00-8:00$$, $$$$, 0, 1);
INSERT INTO showtimes (id, screenings_id, showtime, showtime_note, canceled, display) VALUES
    (DEFAULT, 45, $$2020-06-16 12:00:00-8:00$$, $$$$, 0, 1);
INSERT INTO showtimes (id, screenings_id, showtime, showtime_note, canceled, display) VALUES
    (DEFAULT, 45, $$2020-06-17 12:00:00-8:00$$, $$$$, 0, 1);
INSERT INTO showtimes (id, screenings_id, showtime, showtime_note, canceled, display) VALUES
    (DEFAULT, 45, $$2020-06-18 12:00:00-8:00$$, $$$$, 0, 1);
INSERT INTO showtimes (id, screenings_id, showtime, showtime_note, canceled, display) VALUES
    (DEFAULT, 46, $$2020-06-12 12:00:00-8:00$$, $$$$, 0, 1);
INSERT INTO showtimes (id, screenings_id, showtime, showtime_note, canceled, display) VALUES
    (DEFAULT, 46, $$2020-06-13 12:00:00-8:00$$, $$$$, 0, 1);
INSERT INTO showtimes (id, screenings_id, showtime, showtime_note, canceled, display) VALUES
    (DEFAULT, 46, $$2020-06-14 12:00:00-8:00$$, $$$$, 0, 1);
INSERT INTO showtimes (id, screenings_id, showtime, showtime_note, canceled, display) VALUES
    (DEFAULT, 46, $$2020-06-15 12:00:00-8:00$$, $$$$, 0, 1);
INSERT INTO showtimes (id, screenings_id, showtime, showtime_note, canceled, display) VALUES
    (DEFAULT, 46, $$2020-06-16 12:00:00-8:00$$, $$$$, 0, 1);
INSERT INTO showtimes (id, screenings_id, showtime, showtime_note, canceled, display) VALUES
    (DEFAULT, 46, $$2020-06-17 12:00:00-8:00$$, $$$$, 0, 1);
INSERT INTO showtimes (id, screenings_id, showtime, showtime_note, canceled, display) VALUES
    (DEFAULT, 46, $$2020-06-18 12:00:00-8:00$$, $$$$, 0, 1);
INSERT INTO showtimes (id, screenings_id, showtime, showtime_note, canceled, display) VALUES
    (DEFAULT, 47, $$2020-06-12 12:00:00-8:00$$, $$$$, 0, 1);
INSERT INTO showtimes (id, screenings_id, showtime, showtime_note, canceled, display) VALUES
    (DEFAULT, 47, $$2020-06-13 12:00:00-8:00$$, $$$$, 0, 1);
INSERT INTO showtimes (id, screenings_id, showtime, showtime_note, canceled, display) VALUES
    (DEFAULT, 47, $$2020-06-14 12:00:00-8:00$$, $$$$, 0, 1);
INSERT INTO showtimes (id, screenings_id, showtime, showtime_note, canceled, display) VALUES
    (DEFAULT, 47, $$2020-06-15 12:00:00-8:00$$, $$$$, 0, 1);
INSERT INTO showtimes (id, screenings_id, showtime, showtime_note, canceled, display) VALUES
    (DEFAULT, 47, $$2020-06-16 12:00:00-8:00$$, $$$$, 0, 1);
INSERT INTO showtimes (id, screenings_id, showtime, showtime_note, canceled, display) VALUES
    (DEFAULT, 47, $$2020-06-17 12:00:00-8:00$$, $$$$, 0, 1);
INSERT INTO showtimes (id, screenings_id, showtime, showtime_note, canceled, display) VALUES
    (DEFAULT, 47, $$2020-06-18 12:00:00-8:00$$, $$$$, 0, 1);
INSERT INTO showtimes (id, screenings_id, showtime, showtime_note, canceled, display) VALUES
    (DEFAULT, 48, $$2020-06-12 12:00:00-8:00$$, $$$$, 0, 1);
INSERT INTO showtimes (id, screenings_id, showtime, showtime_note, canceled, display) VALUES
    (DEFAULT, 48, $$2020-06-13 12:00:00-8:00$$, $$$$, 0, 1);
INSERT INTO showtimes (id, screenings_id, showtime, showtime_note, canceled, display) VALUES
    (DEFAULT, 48, $$2020-06-14 12:00:00-8:00$$, $$$$, 0, 1);
INSERT INTO showtimes (id, screenings_id, showtime, showtime_note, canceled, display) VALUES
    (DEFAULT, 48, $$2020-06-15 12:00:00-8:00$$, $$$$, 0, 1);
INSERT INTO showtimes (id, screenings_id, showtime, showtime_note, canceled, display) VALUES
    (DEFAULT, 48, $$2020-06-16 12:00:00-8:00$$, $$$$, 0, 1);
INSERT INTO showtimes (id, screenings_id, showtime, showtime_note, canceled, display) VALUES
    (DEFAULT, 48, $$2020-06-17 12:00:00-8:00$$, $$$$, 0, 1);
INSERT INTO showtimes (id, screenings_id, showtime, showtime_note, canceled, display) VALUES
    (DEFAULT, 48, $$2020-06-18 12:00:00-8:00$$, $$$$, 0, 1);
INSERT INTO showtimes (id, screenings_id, showtime, showtime_note, canceled, display) VALUES
    (DEFAULT, 49, $$2020-06-12 12:00:00-8:00$$, $$$$, 0, 1);
INSERT INTO showtimes (id, screenings_id, showtime, showtime_note, canceled, display) VALUES
    (DEFAULT, 49, $$2020-06-13 12:00:00-8:00$$, $$$$, 0, 1);
INSERT INTO showtimes (id, screenings_id, showtime, showtime_note, canceled, display) VALUES
    (DEFAULT, 49, $$2020-06-14 12:00:00-8:00$$, $$$$, 0, 1);
INSERT INTO showtimes (id, screenings_id, showtime, showtime_note, canceled, display) VALUES
    (DEFAULT, 49, $$2020-06-15 12:00:00-8:00$$, $$$$, 0, 1);
INSERT INTO showtimes (id, screenings_id, showtime, showtime_note, canceled, display) VALUES
    (DEFAULT, 49, $$2020-06-16 12:00:00-8:00$$, $$$$, 0, 1);
INSERT INTO showtimes (id, screenings_id, showtime, showtime_note, canceled, display) VALUES
    (DEFAULT, 49, $$2020-06-17 12:00:00-8:00$$, $$$$, 0, 1);
INSERT INTO showtimes (id, screenings_id, showtime, showtime_note, canceled, display) VALUES
    (DEFAULT, 49, $$2020-06-18 12:00:00-8:00$$, $$$$, 0, 1);
INSERT INTO showtimes (id, screenings_id, showtime, showtime_note, canceled, display) VALUES
    (DEFAULT, 50, $$2020-06-05 12:00:00-8:00$$, $$$$, 0, 1);
INSERT INTO showtimes (id, screenings_id, showtime, showtime_note, canceled, display) VALUES
    (DEFAULT, 50, $$2020-06-06 12:00:00-8:00$$, $$$$, 0, 1);
INSERT INTO showtimes (id, screenings_id, showtime, showtime_note, canceled, display) VALUES
    (DEFAULT, 50, $$2020-06-07 12:00:00-8:00$$, $$$$, 0, 1);
INSERT INTO showtimes (id, screenings_id, showtime, showtime_note, canceled, display) VALUES
    (DEFAULT, 50, $$2020-06-08 12:00:00-8:00$$, $$$$, 0, 1);
INSERT INTO showtimes (id, screenings_id, showtime, showtime_note, canceled, display) VALUES
    (DEFAULT, 50, $$2020-06-09 12:00:00-8:00$$, $$$$, 0, 1);
INSERT INTO showtimes (id, screenings_id, showtime, showtime_note, canceled, display) VALUES
    (DEFAULT, 50, $$2020-06-10 12:00:00-8:00$$, $$$$, 0, 1);
INSERT INTO showtimes (id, screenings_id, showtime, showtime_note, canceled, display) VALUES
    (DEFAULT, 50, $$2020-06-11 12:00:00-8:00$$, $$$$, 0, 1);
INSERT INTO showtimes (id, screenings_id, showtime, showtime_note, canceled, display) VALUES
    (DEFAULT, 50, $$2020-06-12 12:00:00-8:00$$, $$$$, 0, 1);
INSERT INTO showtimes (id, screenings_id, showtime, showtime_note, canceled, display) VALUES
    (DEFAULT, 50, $$2020-06-13 12:00:00-8:00$$, $$$$, 0, 1);
INSERT INTO showtimes (id, screenings_id, showtime, showtime_note, canceled, display) VALUES
    (DEFAULT, 50, $$2020-06-14 12:00:00-8:00$$, $$$$, 0, 1);
INSERT INTO showtimes (id, screenings_id, showtime, showtime_note, canceled, display) VALUES
    (DEFAULT, 50, $$2020-06-15 12:00:00-8:00$$, $$$$, 0, 1);
INSERT INTO showtimes (id, screenings_id, showtime, showtime_note, canceled, display) VALUES
    (DEFAULT, 50, $$2020-06-16 12:00:00-8:00$$, $$$$, 0, 1);
INSERT INTO showtimes (id, screenings_id, showtime, showtime_note, canceled, display) VALUES
    (DEFAULT, 50, $$2020-06-17 12:00:00-8:00$$, $$$$, 0, 1);
INSERT INTO showtimes (id, screenings_id, showtime, showtime_note, canceled, display) VALUES
    (DEFAULT, 50, $$2020-06-18 12:00:00-8:00$$, $$$$, 0, 1);
INSERT INTO showtimes (id, screenings_id, showtime, showtime_note, canceled, display) VALUES
    (DEFAULT, 51, $$2020-06-09 12:00:00-8:00$$, $$$$, 0, 1);
INSERT INTO showtimes (id, screenings_id, showtime, showtime_note, canceled, display) VALUES
    (DEFAULT, 51, $$2020-06-10 12:00:00-8:00$$, $$$$, 0, 1);
INSERT INTO showtimes (id, screenings_id, showtime, showtime_note, canceled, display) VALUES
    (DEFAULT, 51, $$2020-06-11 12:00:00-8:00$$, $$$$, 0, 1);
INSERT INTO showtimes (id, screenings_id, showtime, showtime_note, canceled, display) VALUES
    (DEFAULT, 51, $$2020-06-12 12:00:00-8:00$$, $$$$, 0, 1);
INSERT INTO showtimes (id, screenings_id, showtime, showtime_note, canceled, display) VALUES
    (DEFAULT, 51, $$2020-06-13 12:00:00-8:00$$, $$$$, 0, 1);
INSERT INTO showtimes (id, screenings_id, showtime, showtime_note, canceled, display) VALUES
    (DEFAULT, 51, $$2020-06-14 12:00:00-8:00$$, $$$$, 0, 1);
INSERT INTO showtimes (id, screenings_id, showtime, showtime_note, canceled, display) VALUES
    (DEFAULT, 51, $$2020-06-15 12:00:00-8:00$$, $$$$, 0, 1);
INSERT INTO showtimes (id, screenings_id, showtime, showtime_note, canceled, display) VALUES
    (DEFAULT, 51, $$2020-06-16 12:00:00-8:00$$, $$$$, 0, 1);
INSERT INTO showtimes (id, screenings_id, showtime, showtime_note, canceled, display) VALUES
    (DEFAULT, 51, $$2020-06-17 12:00:00-8:00$$, $$$$, 0, 1);
INSERT INTO showtimes (id, screenings_id, showtime, showtime_note, canceled, display) VALUES
    (DEFAULT, 51, $$2020-06-18 12:00:00-8:00$$, $$$$, 0, 1);
INSERT INTO showtimes (id, screenings_id, showtime, showtime_note, canceled, display) VALUES
    (DEFAULT, 52, $$2020-06-05 12:00:00-8:00$$, $$$$, 0, 1);
INSERT INTO showtimes (id, screenings_id, showtime, showtime_note, canceled, display) VALUES
    (DEFAULT, 52, $$2020-06-06 12:00:00-8:00$$, $$$$, 0, 1);
INSERT INTO showtimes (id, screenings_id, showtime, showtime_note, canceled, display) VALUES
    (DEFAULT, 52, $$2020-06-07 12:00:00-8:00$$, $$$$, 0, 1);
INSERT INTO showtimes (id, screenings_id, showtime, showtime_note, canceled, display) VALUES
    (DEFAULT, 52, $$2020-06-08 12:00:00-8:00$$, $$$$, 0, 1);
INSERT INTO showtimes (id, screenings_id, showtime, showtime_note, canceled, display) VALUES
    (DEFAULT, 52, $$2020-06-09 12:00:00-8:00$$, $$$$, 0, 1);
INSERT INTO showtimes (id, screenings_id, showtime, showtime_note, canceled, display) VALUES
    (DEFAULT, 52, $$2020-06-10 12:00:00-8:00$$, $$$$, 0, 1);
INSERT INTO showtimes (id, screenings_id, showtime, showtime_note, canceled, display) VALUES
    (DEFAULT, 52, $$2020-06-11 12:00:00-8:00$$, $$$$, 0, 1);
INSERT INTO showtimes (id, screenings_id, showtime, showtime_note, canceled, display) VALUES
    (DEFAULT, 52, $$2020-06-12 12:00:00-8:00$$, $$$$, 0, 1);
INSERT INTO showtimes (id, screenings_id, showtime, showtime_note, canceled, display) VALUES
    (DEFAULT, 52, $$2020-06-13 12:00:00-8:00$$, $$$$, 0, 1);
INSERT INTO showtimes (id, screenings_id, showtime, showtime_note, canceled, display) VALUES
    (DEFAULT, 52, $$2020-06-14 12:00:00-8:00$$, $$$$, 0, 1);
INSERT INTO showtimes (id, screenings_id, showtime, showtime_note, canceled, display) VALUES
    (DEFAULT, 52, $$2020-06-15 12:00:00-8:00$$, $$$$, 0, 1);
INSERT INTO showtimes (id, screenings_id, showtime, showtime_note, canceled, display) VALUES
    (DEFAULT, 52, $$2020-06-16 12:00:00-8:00$$, $$$$, 0, 1);
INSERT INTO showtimes (id, screenings_id, showtime, showtime_note, canceled, display) VALUES
    (DEFAULT, 52, $$2020-06-17 12:00:00-8:00$$, $$$$, 0, 1);
INSERT INTO showtimes (id, screenings_id, showtime, showtime_note, canceled, display) VALUES
    (DEFAULT, 52, $$2020-06-18 12:00:00-8:00$$, $$$$, 0, 1);
INSERT INTO showtimes (id, screenings_id, showtime, showtime_note, canceled, display) VALUES
    (DEFAULT, 53, $$2020-06-05 12:00:00-8:00$$, $$$$, 0, 1);
INSERT INTO showtimes (id, screenings_id, showtime, showtime_note, canceled, display) VALUES
    (DEFAULT, 53, $$2020-06-06 12:00:00-8:00$$, $$$$, 0, 1);
INSERT INTO showtimes (id, screenings_id, showtime, showtime_note, canceled, display) VALUES
    (DEFAULT, 53, $$2020-06-07 12:00:00-8:00$$, $$$$, 0, 1);
INSERT INTO showtimes (id, screenings_id, showtime, showtime_note, canceled, display) VALUES
    (DEFAULT, 53, $$2020-06-08 12:00:00-8:00$$, $$$$, 0, 1);
INSERT INTO showtimes (id, screenings_id, showtime, showtime_note, canceled, display) VALUES
    (DEFAULT, 53, $$2020-06-09 12:00:00-8:00$$, $$$$, 0, 1);
INSERT INTO showtimes (id, screenings_id, showtime, showtime_note, canceled, display) VALUES
    (DEFAULT, 53, $$2020-06-10 12:00:00-8:00$$, $$$$, 0, 1);
INSERT INTO showtimes (id, screenings_id, showtime, showtime_note, canceled, display) VALUES
    (DEFAULT, 53, $$2020-06-11 12:00:00-8:00$$, $$$$, 0, 1);
INSERT INTO showtimes (id, screenings_id, showtime, showtime_note, canceled, display) VALUES
    (DEFAULT, 53, $$2020-06-12 12:00:00-8:00$$, $$$$, 0, 1);
INSERT INTO showtimes (id, screenings_id, showtime, showtime_note, canceled, display) VALUES
    (DEFAULT, 53, $$2020-06-13 12:00:00-8:00$$, $$$$, 0, 1);
INSERT INTO showtimes (id, screenings_id, showtime, showtime_note, canceled, display) VALUES
    (DEFAULT, 53, $$2020-06-14 12:00:00-8:00$$, $$$$, 0, 1);
INSERT INTO showtimes (id, screenings_id, showtime, showtime_note, canceled, display) VALUES
    (DEFAULT, 53, $$2020-06-15 12:00:00-8:00$$, $$$$, 0, 1);
INSERT INTO showtimes (id, screenings_id, showtime, showtime_note, canceled, display) VALUES
    (DEFAULT, 53, $$2020-06-16 12:00:00-8:00$$, $$$$, 0, 1);
INSERT INTO showtimes (id, screenings_id, showtime, showtime_note, canceled, display) VALUES
    (DEFAULT, 53, $$2020-06-17 12:00:00-8:00$$, $$$$, 0, 1);
INSERT INTO showtimes (id, screenings_id, showtime, showtime_note, canceled, display) VALUES
    (DEFAULT, 53, $$2020-06-18 12:00:00-8:00$$, $$$$, 0, 1);
INSERT INTO showtimes (id, screenings_id, showtime, showtime_note, canceled, display) VALUES
    (DEFAULT, 54, $$2020-05-29 12:00:00-8:00$$, $$$$, 0, 1);
INSERT INTO showtimes (id, screenings_id, showtime, showtime_note, canceled, display) VALUES
    (DEFAULT, 54, $$2020-05-30 12:00:00-8:00$$, $$$$, 0, 1);
INSERT INTO showtimes (id, screenings_id, showtime, showtime_note, canceled, display) VALUES
    (DEFAULT, 54, $$2020-05-31 12:00:00-8:00$$, $$$$, 0, 1);
INSERT INTO showtimes (id, screenings_id, showtime, showtime_note, canceled, display) VALUES
    (DEFAULT, 54, $$2020-06-01 12:00:00-8:00$$, $$$$, 0, 1);
INSERT INTO showtimes (id, screenings_id, showtime, showtime_note, canceled, display) VALUES
    (DEFAULT, 54, $$2020-06-02 12:00:00-8:00$$, $$$$, 0, 1);
INSERT INTO showtimes (id, screenings_id, showtime, showtime_note, canceled, display) VALUES
    (DEFAULT, 54, $$2020-06-03 12:00:00-8:00$$, $$$$, 0, 1);
INSERT INTO showtimes (id, screenings_id, showtime, showtime_note, canceled, display) VALUES
    (DEFAULT, 54, $$2020-06-04 12:00:00-8:00$$, $$$$, 0, 1);
INSERT INTO showtimes (id, screenings_id, showtime, showtime_note, canceled, display) VALUES
    (DEFAULT, 54, $$2020-06-05 12:00:00-8:00$$, $$$$, 0, 1);
INSERT INTO showtimes (id, screenings_id, showtime, showtime_note, canceled, display) VALUES
    (DEFAULT, 54, $$2020-06-06 12:00:00-8:00$$, $$$$, 0, 1);
INSERT INTO showtimes (id, screenings_id, showtime, showtime_note, canceled, display) VALUES
    (DEFAULT, 54, $$2020-06-07 12:00:00-8:00$$, $$$$, 0, 1);
INSERT INTO showtimes (id, screenings_id, showtime, showtime_note, canceled, display) VALUES
    (DEFAULT, 54, $$2020-06-08 12:00:00-8:00$$, $$$$, 0, 1);
INSERT INTO showtimes (id, screenings_id, showtime, showtime_note, canceled, display) VALUES
    (DEFAULT, 54, $$2020-06-09 12:00:00-8:00$$, $$$$, 0, 1);
INSERT INTO showtimes (id, screenings_id, showtime, showtime_note, canceled, display) VALUES
    (DEFAULT, 54, $$2020-06-10 12:00:00-8:00$$, $$$$, 0, 1);
INSERT INTO showtimes (id, screenings_id, showtime, showtime_note, canceled, display) VALUES
    (DEFAULT, 54, $$2020-06-11 12:00:00-8:00$$, $$$$, 0, 1);
INSERT INTO showtimes (id, screenings_id, showtime, showtime_note, canceled, display) VALUES
    (DEFAULT, 54, $$2020-06-12 12:00:00-8:00$$, $$$$, 0, 1);
INSERT INTO showtimes (id, screenings_id, showtime, showtime_note, canceled, display) VALUES
    (DEFAULT, 54, $$2020-06-13 12:00:00-8:00$$, $$$$, 0, 1);
INSERT INTO showtimes (id, screenings_id, showtime, showtime_note, canceled, display) VALUES
    (DEFAULT, 54, $$2020-06-14 12:00:00-8:00$$, $$$$, 0, 1);
INSERT INTO showtimes (id, screenings_id, showtime, showtime_note, canceled, display) VALUES
    (DEFAULT, 54, $$2020-06-15 12:00:00-8:00$$, $$$$, 0, 1);
INSERT INTO showtimes (id, screenings_id, showtime, showtime_note, canceled, display) VALUES
    (DEFAULT, 54, $$2020-06-16 12:00:00-8:00$$, $$$$, 0, 1);
INSERT INTO showtimes (id, screenings_id, showtime, showtime_note, canceled, display) VALUES
    (DEFAULT, 54, $$2020-06-17 12:00:00-8:00$$, $$$$, 0, 1);
INSERT INTO showtimes (id, screenings_id, showtime, showtime_note, canceled, display) VALUES
    (DEFAULT, 54, $$2020-06-18 12:00:00-8:00$$, $$$$, 0, 1);
INSERT INTO showtimes (id, screenings_id, showtime, showtime_note, canceled, display) VALUES
    (DEFAULT, 55, $$2020-06-12 12:00:00-8:00$$, $$$$, 0, 1);
INSERT INTO showtimes (id, screenings_id, showtime, showtime_note, canceled, display) VALUES
    (DEFAULT, 55, $$2020-06-13 12:00:00-8:00$$, $$$$, 0, 1);
INSERT INTO showtimes (id, screenings_id, showtime, showtime_note, canceled, display) VALUES
    (DEFAULT, 55, $$2020-06-14 12:00:00-8:00$$, $$$$, 0, 1);
INSERT INTO showtimes (id, screenings_id, showtime, showtime_note, canceled, display) VALUES
    (DEFAULT, 55, $$2020-06-15 12:00:00-8:00$$, $$$$, 0, 1);
INSERT INTO showtimes (id, screenings_id, showtime, showtime_note, canceled, display) VALUES
    (DEFAULT, 55, $$2020-06-16 12:00:00-8:00$$, $$$$, 0, 1);
INSERT INTO showtimes (id, screenings_id, showtime, showtime_note, canceled, display) VALUES
    (DEFAULT, 55, $$2020-06-17 12:00:00-8:00$$, $$$$, 0, 1);
INSERT INTO showtimes (id, screenings_id, showtime, showtime_note, canceled, display) VALUES
    (DEFAULT, 55, $$2020-06-18 12:00:00-8:00$$, $$$$, 0, 1);
INSERT INTO showtimes (id, screenings_id, showtime, showtime_note, canceled, display) VALUES
    (DEFAULT, 56, $$2020-06-13 19:30:00-8:00$$, $$$$, 0, 0);
INSERT INTO showtimes (id, screenings_id, showtime, showtime_note, canceled, display) VALUES
    (DEFAULT, 57, $$2020-06-19 12:00:00-8:00$$, $$$$, 0, 1);
INSERT INTO showtimes (id, screenings_id, showtime, showtime_note, canceled, display) VALUES
    (DEFAULT, 57, $$2020-06-20 12:00:00-8:00$$, $$$$, 0, 1);
INSERT INTO showtimes (id, screenings_id, showtime, showtime_note, canceled, display) VALUES
    (DEFAULT, 57, $$2020-06-21 12:00:00-8:00$$, $$$$, 0, 1);
INSERT INTO showtimes (id, screenings_id, showtime, showtime_note, canceled, display) VALUES
    (DEFAULT, 57, $$2020-06-22 12:00:00-8:00$$, $$$$, 0, 1);
INSERT INTO showtimes (id, screenings_id, showtime, showtime_note, canceled, display) VALUES
    (DEFAULT, 57, $$2020-06-23 12:00:00-8:00$$, $$$$, 0, 1);
INSERT INTO showtimes (id, screenings_id, showtime, showtime_note, canceled, display) VALUES
    (DEFAULT, 57, $$2020-06-24 12:00:00-8:00$$, $$$$, 0, 1);
INSERT INTO showtimes (id, screenings_id, showtime, showtime_note, canceled, display) VALUES
    (DEFAULT, 57, $$2020-06-25 12:00:00-8:00$$, $$$$, 0, 1);
INSERT INTO showtimes (id, screenings_id, showtime, showtime_note, canceled, display) VALUES
    (DEFAULT, 58, $$2020-06-19 12:00:00-8:00$$, $$$$, 0, 1);
INSERT INTO showtimes (id, screenings_id, showtime, showtime_note, canceled, display) VALUES
    (DEFAULT, 58, $$2020-06-20 12:00:00-8:00$$, $$$$, 0, 1);
INSERT INTO showtimes (id, screenings_id, showtime, showtime_note, canceled, display) VALUES
    (DEFAULT, 58, $$2020-06-21 12:00:00-8:00$$, $$$$, 0, 1);
INSERT INTO showtimes (id, screenings_id, showtime, showtime_note, canceled, display) VALUES
    (DEFAULT, 58, $$2020-06-22 12:00:00-8:00$$, $$$$, 0, 1);
INSERT INTO showtimes (id, screenings_id, showtime, showtime_note, canceled, display) VALUES
    (DEFAULT, 58, $$2020-06-23 12:00:00-8:00$$, $$$$, 0, 1);
INSERT INTO showtimes (id, screenings_id, showtime, showtime_note, canceled, display) VALUES
    (DEFAULT, 58, $$2020-06-24 12:00:00-8:00$$, $$$$, 0, 1);
INSERT INTO showtimes (id, screenings_id, showtime, showtime_note, canceled, display) VALUES
    (DEFAULT, 58, $$2020-06-25 12:00:00-8:00$$, $$$$, 0, 1);
INSERT INTO showtimes (id, screenings_id, showtime, showtime_note, canceled, display) VALUES
    (DEFAULT, 59, $$2020-06-19 12:00:00-8:00$$, $$$$, 0, 1);
INSERT INTO showtimes (id, screenings_id, showtime, showtime_note, canceled, display) VALUES
    (DEFAULT, 59, $$2020-06-20 12:00:00-8:00$$, $$$$, 0, 1);
INSERT INTO showtimes (id, screenings_id, showtime, showtime_note, canceled, display) VALUES
    (DEFAULT, 59, $$2020-06-21 12:00:00-8:00$$, $$$$, 0, 1);
INSERT INTO showtimes (id, screenings_id, showtime, showtime_note, canceled, display) VALUES
    (DEFAULT, 59, $$2020-06-22 12:00:00-8:00$$, $$$$, 0, 1);
INSERT INTO showtimes (id, screenings_id, showtime, showtime_note, canceled, display) VALUES
    (DEFAULT, 59, $$2020-06-23 12:00:00-8:00$$, $$$$, 0, 1);
INSERT INTO showtimes (id, screenings_id, showtime, showtime_note, canceled, display) VALUES
    (DEFAULT, 59, $$2020-06-24 12:00:00-8:00$$, $$$$, 0, 1);
INSERT INTO showtimes (id, screenings_id, showtime, showtime_note, canceled, display) VALUES
    (DEFAULT, 59, $$2020-06-25 12:00:00-8:00$$, $$$$, 0, 1);

INSERT INTO showtimes (id, screenings_id, showtime, showtime_note, canceled, display) VALUES
    (DEFAULT, 36, $$2020-06-11 21:00:00-8:00$$, $$$$, 0, 0);

INSERT INTO screenings_series (screenings_id, series_id) VALUES
    (37, 1);
INSERT INTO screenings_series (screenings_id, series_id) VALUES
    (38, 1);
INSERT INTO screenings_series (screenings_id, series_id) VALUES
    (39, 1);
INSERT INTO screenings_series (screenings_id, series_id) VALUES
    (40, 1);
INSERT INTO screenings_series (screenings_id, series_id) VALUES
    (41, 1);
INSERT INTO screenings_series (screenings_id, series_id) VALUES
    (42, 1);
INSERT INTO screenings_series (screenings_id, series_id) VALUES
    (43, 1);
INSERT INTO screenings_series (screenings_id, series_id) VALUES
    (44, 1);
INSERT INTO screenings_series (screenings_id, series_id) VALUES
    (45, 1);
INSERT INTO screenings_series (screenings_id, series_id) VALUES
    (46, 1);
INSERT INTO screenings_series (screenings_id, series_id) VALUES
    (47, 1);
INSERT INTO screenings_series (screenings_id, series_id) VALUES
    (48, 1);
INSERT INTO screenings_series (screenings_id, series_id) VALUES
    (49, 1);
INSERT INTO screenings_series (screenings_id, series_id) VALUES
    (50, 1);
INSERT INTO screenings_series (screenings_id, series_id) VALUES
    (51, 1);
INSERT INTO screenings_series (screenings_id, series_id) VALUES
    (52, 1);
INSERT INTO screenings_series (screenings_id, series_id) VALUES
    (53, 1);
INSERT INTO screenings_series (screenings_id, series_id) VALUES
    (54, 1);
INSERT INTO screenings_series (screenings_id, series_id) VALUES
    (55, 1);
INSERT INTO screenings_series (screenings_id, series_id) VALUES
    (56, 2);
INSERT INTO screenings_series (screenings_id, series_id) VALUES
    (57, 1);
INSERT INTO screenings_series (screenings_id, series_id) VALUES
    (58, 1);
INSERT INTO screenings_series (screenings_id, series_id) VALUES
    (59, 1);
INSERT INTO screenings_series (screenings_id, series_id) VALUES
    (60, 1);
INSERT INTO screenings_series (screenings_id, series_id) VALUES
    (61, 1);
