INSERT INTO screenings (id, movies_id, venues_id, screening_url, start_date, end_date, format, screening_note, canceled) VALUES
    (DEFAULT, 601, 4, $$https://www.westwinddi.com/locations/capitol/movies/details?code=16689$$, $$2020-05-31$$, $$2020-06-04$$, $$DCP$$, $$Double feature with Jurassic Park$$, 0);
INSERT INTO screenings (id, movies_id, venues_id, screening_url, start_date, end_date, format, screening_note, canceled) VALUES
    (DEFAULT, 329, 4, $$https://www.westwinddi.com/locations/capitol/movies/details?code=207$$, $$2020-05-31$$, $$2020-06-04$$, $$DCP$$, $$Double feature with E.T.$$, 0);
INSERT INTO screenings (id, movies_id, venues_id, screening_url, start_date, end_date, format, screening_note, canceled) VALUES
    (DEFAULT, 555974, 4, $$https://www.westwinddi.com/locations/capitol/movies/details?code=289065$$, $$2020-05-31$$, $$2020-06-04$$, $$DCP$$, $$Double feature with Gretel and Hansel$$, 0);
INSERT INTO screenings (id, movies_id, venues_id, screening_url, start_date, end_date, format, screening_note, canceled) VALUES
    (DEFAULT, 542224, 4, $$https://www.westwinddi.com/locations/capitol/movies/details?code=291642$$, $$2020-05-31$$, $$2020-06-04$$, $$DCP$$, $$Double feature with Brahms: The Boy II$$, 0);
INSERT INTO screenings (id, movies_id, venues_id, screening_url, start_date, end_date, format, screening_note, canceled) VALUES
    (DEFAULT, 539537, 4, $$https://www.westwinddi.com/locations/capitol/movies/details?code=285307$$, $$2020-05-31$$, $$2020-06-04$$, $$DCP$$, $$Double feature with Zombieland$$, 0);
INSERT INTO screenings (id, movies_id, venues_id, screening_url, start_date, end_date, format, screening_note, canceled) VALUES
    (DEFAULT, 338967, 4, $$https://www.westwinddi.com/locations/capitol/movies/details?code=275948$$, $$2020-05-31$$, $$2020-06-04$$, $$DCP$$, $$Double feature with Fantasy Island$$, 0);
INSERT INTO screenings (id, movies_id, venues_id, screening_url, start_date, end_date, format, screening_note, canceled) VALUES
    (DEFAULT, 514847, 4, $$https://www.westwinddi.com/locations/capitol/movies/details?code=271023$$, $$2020-05-31$$, $$2020-06-04$$, $$DCP$$, $$Double feature with Invisible Man$$, 0);
INSERT INTO screenings (id, movies_id, venues_id, screening_url, start_date, end_date, format, screening_note, canceled) VALUES
    (DEFAULT, 570670, 4, $$https://www.westwinddi.com/locations/capitol/movies/details?code=293548$$, $$2020-05-31$$, $$2020-06-04$$, $$DCP$$, $$Double feature with The Hunt$$, 0);
INSERT INTO screenings (id, movies_id, venues_id, screening_url, start_date, end_date, format, screening_note, canceled) VALUES
    (DEFAULT, 446893, 4, $$https://www.westwinddi.com/locations/capitol/movies/details?code=240912$$, $$2020-05-31$$, $$2020-06-04$$, $$DCP$$, $$Double feature with Madagascar$$, 0);
INSERT INTO screenings (id, movies_id, venues_id, screening_url, start_date, end_date, format, screening_note, canceled) VALUES
    (DEFAULT, 953, 4, $$https://www.westwinddi.com/locations/capitol/movies/details?code=11329$$, $$2020-05-31$$, $$2020-06-04$$, $$DCP$$, $$Double feature with Trolls World Tour$$, 0);
INSERT INTO screenings (id, movies_id, venues_id, screening_url, start_date, end_date, format, screening_note, canceled) VALUES
    (DEFAULT, 564, 4, $$https://www.westwinddi.com/locations/capitol/movies/details?code=16623$$, $$2020-05-31$$, $$2020-06-04$$, $$DCP$$, $$Double feature with The Mummy Returns$$, 0);
INSERT INTO screenings (id, movies_id, venues_id, screening_url, start_date, end_date, format, screening_note, canceled) VALUES
    (DEFAULT, 1734, 4, $$https://www.westwinddi.com/locations/capitol/movies/details?code=29552$$, $$2020-05-31$$, $$2020-06-04$$, $$DCP$$, $$Double feature with The Mummy$$, 0);
INSERT INTO screenings (id, movies_id, venues_id, screening_url, start_date, end_date, format, screening_note, canceled) VALUES
    (DEFAULT, 514847, 5, $$https://www.westwinddi.com/locations/solano/movies/details?code=271023$$, $$2020-05-31$$, $$2020-06-04$$, $$DCP$$, $$Double feature with Invisible Man$$, 0);
INSERT INTO screenings (id, movies_id, venues_id, screening_url, start_date, end_date, format, screening_note, canceled) VALUES
    (DEFAULT, 570670, 5, $$https://www.westwinddi.com/locations/solano/movies/details?code=293548$$, $$2020-05-31$$, $$2020-06-04$$, $$DCP$$, $$Double feature with The Hunt$$, 0);
INSERT INTO screenings (id, movies_id, venues_id, screening_url, start_date, end_date, format, screening_note, canceled) VALUES
    (DEFAULT, 446893, 5, $$https://www.westwinddi.com/locations/capitol/movies/details?code=240912$$, $$2020-05-31$$, $$2020-06-04$$, $$DCP$$, $$Double feature with Madagascar$$, 0);
INSERT INTO screenings (id, movies_id, venues_id, screening_url, start_date, end_date, format, screening_note, canceled) VALUES
    (DEFAULT, 953, 5, $$https://www.westwinddi.com/locations/capitol/movies/details?code=11329$$, $$2020-05-31$$, $$2020-06-04$$, $$DCP$$, $$Double feature with Trolls World Tour$$, 0);
INSERT INTO showtimes (id, screenings_id, showtime, showtime_note, canceled) VALUES
    (DEFAULT, 1, $$2020-05-31 20:55:00-8:00$$, $$null$$, 0);
INSERT INTO showtimes (id, screenings_id, showtime, showtime_note, canceled) VALUES
    (DEFAULT, 1, $$2020-06-01 20:55:00-8:00$$, $$null$$, 0);
INSERT INTO showtimes (id, screenings_id, showtime, showtime_note, canceled) VALUES
    (DEFAULT, 1, $$2020-06-02 20:55:00-8:00$$, $$null$$, 0);
INSERT INTO showtimes (id, screenings_id, showtime, showtime_note, canceled) VALUES
    (DEFAULT, 1, $$2020-06-03 20:55:00-8:00$$, $$null$$, 0);
INSERT INTO showtimes (id, screenings_id, showtime, showtime_note, canceled) VALUES
    (DEFAULT, 1, $$2020-06-04 20:55:00-8:00$$, $$null$$, 0);
INSERT INTO showtimes (id, screenings_id, showtime, showtime_note, canceled) VALUES
    (DEFAULT, 2, $$2020-05-31 23:15:00-8:00$$, $$null$$, 0);
INSERT INTO showtimes (id, screenings_id, showtime, showtime_note, canceled) VALUES
    (DEFAULT, 2, $$2020-06-01 23:15:00-8:00$$, $$null$$, 0);
INSERT INTO showtimes (id, screenings_id, showtime, showtime_note, canceled) VALUES
    (DEFAULT, 2, $$2020-06-02 23:15:00-8:00$$, $$null$$, 0);
INSERT INTO showtimes (id, screenings_id, showtime, showtime_note, canceled) VALUES
    (DEFAULT, 2, $$2020-06-03 23:15:00-8:00$$, $$null$$, 0);
INSERT INTO showtimes (id, screenings_id, showtime, showtime_note, canceled) VALUES
    (DEFAULT, 2, $$2020-06-04 23:15:00-8:00$$, $$null$$, 0);
INSERT INTO showtimes (id, screenings_id, showtime, showtime_note, canceled) VALUES
    (DEFAULT, 3, $$2020-05-31 20:55:00-8:00$$, $$null$$, 0);
INSERT INTO showtimes (id, screenings_id, showtime, showtime_note, canceled) VALUES
    (DEFAULT, 3, $$2020-06-01 20:55:00-8:00$$, $$null$$, 0);
INSERT INTO showtimes (id, screenings_id, showtime, showtime_note, canceled) VALUES
    (DEFAULT, 3, $$2020-06-02 20:55:00-8:00$$, $$null$$, 0);
INSERT INTO showtimes (id, screenings_id, showtime, showtime_note, canceled) VALUES
    (DEFAULT, 3, $$2020-06-03 20:55:00-8:00$$, $$null$$, 0);
INSERT INTO showtimes (id, screenings_id, showtime, showtime_note, canceled) VALUES
    (DEFAULT, 3, $$2020-06-04 20:55:00-8:00$$, $$null$$, 0);
INSERT INTO showtimes (id, screenings_id, showtime, showtime_note, canceled) VALUES
    (DEFAULT, 4, $$2020-05-31 22:45:00-8:00$$, $$null$$, 0);
INSERT INTO showtimes (id, screenings_id, showtime, showtime_note, canceled) VALUES
    (DEFAULT, 4, $$2020-06-01 22:45:00-8:00$$, $$null$$, 0);
INSERT INTO showtimes (id, screenings_id, showtime, showtime_note, canceled) VALUES
    (DEFAULT, 4, $$2020-06-02 22:45:00-8:00$$, $$null$$, 0);
INSERT INTO showtimes (id, screenings_id, showtime, showtime_note, canceled) VALUES
    (DEFAULT, 4, $$2020-06-03 22:45:00-8:00$$, $$null$$, 0);
INSERT INTO showtimes (id, screenings_id, showtime, showtime_note, canceled) VALUES
    (DEFAULT, 4, $$2020-06-04 22:45:00-8:00$$, $$null$$, 0);
INSERT INTO showtimes (id, screenings_id, showtime, showtime_note, canceled) VALUES
    (DEFAULT, 5, $$2020-05-31 20:55:00-8:00$$, $$null$$, 0);
INSERT INTO showtimes (id, screenings_id, showtime, showtime_note, canceled) VALUES
    (DEFAULT, 5, $$2020-06-01 20:55:00-8:00$$, $$null$$, 0);
INSERT INTO showtimes (id, screenings_id, showtime, showtime_note, canceled) VALUES
    (DEFAULT, 5, $$2020-06-02 20:55:00-8:00$$, $$null$$, 0);
INSERT INTO showtimes (id, screenings_id, showtime, showtime_note, canceled) VALUES
    (DEFAULT, 5, $$2020-06-03 20:55:00-8:00$$, $$null$$, 0);
INSERT INTO showtimes (id, screenings_id, showtime, showtime_note, canceled) VALUES
    (DEFAULT, 5, $$2020-06-04 20:55:00-8:00$$, $$null$$, 0);
INSERT INTO showtimes (id, screenings_id, showtime, showtime_note, canceled) VALUES
    (DEFAULT, 6, $$2020-05-31 23:10:00-8:00$$, $$null$$, 0);
INSERT INTO showtimes (id, screenings_id, showtime, showtime_note, canceled) VALUES
    (DEFAULT, 6, $$2020-06-01 23:10:00-8:00$$, $$null$$, 0);
INSERT INTO showtimes (id, screenings_id, showtime, showtime_note, canceled) VALUES
    (DEFAULT, 6, $$2020-06-02 23:10:00-8:00$$, $$null$$, 0);
INSERT INTO showtimes (id, screenings_id, showtime, showtime_note, canceled) VALUES
    (DEFAULT, 6, $$2020-06-03 23:10:00-8:00$$, $$null$$, 0);
INSERT INTO showtimes (id, screenings_id, showtime, showtime_note, canceled) VALUES
    (DEFAULT, 6, $$2020-06-04 23:10:00-8:00$$, $$null$$, 0);
INSERT INTO showtimes (id, screenings_id, showtime, showtime_note, canceled) VALUES
    (DEFAULT, 7, $$2020-05-31 20:55:00-8:00$$, $$null$$, 0);
INSERT INTO showtimes (id, screenings_id, showtime, showtime_note, canceled) VALUES
    (DEFAULT, 7, $$2020-06-01 20:55:00-8:00$$, $$null$$, 0);
INSERT INTO showtimes (id, screenings_id, showtime, showtime_note, canceled) VALUES
    (DEFAULT, 7, $$2020-06-02 20:55:00-8:00$$, $$null$$, 0);
INSERT INTO showtimes (id, screenings_id, showtime, showtime_note, canceled) VALUES
    (DEFAULT, 7, $$2020-06-03 20:55:00-8:00$$, $$null$$, 0);
INSERT INTO showtimes (id, screenings_id, showtime, showtime_note, canceled) VALUES
    (DEFAULT, 7, $$2020-06-04 20:55:00-8:00$$, $$null$$, 0);
INSERT INTO showtimes (id, screenings_id, showtime, showtime_note, canceled) VALUES
    (DEFAULT, 8, $$2020-05-31 22:50:00-8:00$$, $$null$$, 0);
INSERT INTO showtimes (id, screenings_id, showtime, showtime_note, canceled) VALUES
    (DEFAULT, 8, $$2020-06-01 22:50:00-8:00$$, $$null$$, 0);
INSERT INTO showtimes (id, screenings_id, showtime, showtime_note, canceled) VALUES
    (DEFAULT, 8, $$2020-06-02 22:50:00-8:00$$, $$null$$, 0);
INSERT INTO showtimes (id, screenings_id, showtime, showtime_note, canceled) VALUES
    (DEFAULT, 8, $$2020-06-03 22:50:00-8:00$$, $$null$$, 0);
INSERT INTO showtimes (id, screenings_id, showtime, showtime_note, canceled) VALUES
    (DEFAULT, 8, $$2020-06-04 22:50:00-8:00$$, $$null$$, 0);
INSERT INTO showtimes (id, screenings_id, showtime, showtime_note, canceled) VALUES
    (DEFAULT, 9, $$2020-05-31 20:55:00-8:00$$, $$null$$, 0);
INSERT INTO showtimes (id, screenings_id, showtime, showtime_note, canceled) VALUES
    (DEFAULT, 9, $$2020-06-01 20:55:00-8:00$$, $$null$$, 0);
INSERT INTO showtimes (id, screenings_id, showtime, showtime_note, canceled) VALUES
    (DEFAULT, 9, $$2020-06-02 20:55:00-8:00$$, $$null$$, 0);
INSERT INTO showtimes (id, screenings_id, showtime, showtime_note, canceled) VALUES
    (DEFAULT, 9, $$2020-06-03 20:55:00-8:00$$, $$null$$, 0);
INSERT INTO showtimes (id, screenings_id, showtime, showtime_note, canceled) VALUES
    (DEFAULT, 9, $$2020-06-04 20:55:00-8:00$$, $$null$$, 0);
INSERT INTO showtimes (id, screenings_id, showtime, showtime_note, canceled) VALUES
    (DEFAULT, 10, $$2020-05-31 22:50:00-8:00$$, $$null$$, 0);
INSERT INTO showtimes (id, screenings_id, showtime, showtime_note, canceled) VALUES
    (DEFAULT, 10, $$2020-06-01 22:50:00-8:00$$, $$null$$, 0);
INSERT INTO showtimes (id, screenings_id, showtime, showtime_note, canceled) VALUES
    (DEFAULT, 10, $$2020-06-02 22:50:00-8:00$$, $$null$$, 0);
INSERT INTO showtimes (id, screenings_id, showtime, showtime_note, canceled) VALUES
    (DEFAULT, 10, $$2020-06-03 22:50:00-8:00$$, $$null$$, 0);
INSERT INTO showtimes (id, screenings_id, showtime, showtime_note, canceled) VALUES
    (DEFAULT, 10, $$2020-06-04 22:50:00-8:00$$, $$null$$, 0);
INSERT INTO showtimes (id, screenings_id, showtime, showtime_note, canceled) VALUES
    (DEFAULT, 11, $$2020-05-31 20:50:00-8:00$$, $$null$$, 0);
INSERT INTO showtimes (id, screenings_id, showtime, showtime_note, canceled) VALUES
    (DEFAULT, 11, $$2020-06-01 20:50:00-8:00$$, $$null$$, 0);
INSERT INTO showtimes (id, screenings_id, showtime, showtime_note, canceled) VALUES
    (DEFAULT, 11, $$2020-06-02 20:50:00-8:00$$, $$null$$, 0);
INSERT INTO showtimes (id, screenings_id, showtime, showtime_note, canceled) VALUES
    (DEFAULT, 11, $$2020-06-03 20:50:00-8:00$$, $$null$$, 0);
INSERT INTO showtimes (id, screenings_id, showtime, showtime_note, canceled) VALUES
    (DEFAULT, 11, $$2020-06-04 20:50:00-8:00$$, $$null$$, 0);
INSERT INTO showtimes (id, screenings_id, showtime, showtime_note, canceled) VALUES
    (DEFAULT, 12, $$2020-05-31 23:25:00-8:00$$, $$null$$, 0);
INSERT INTO showtimes (id, screenings_id, showtime, showtime_note, canceled) VALUES
    (DEFAULT, 12, $$2020-06-01 23:25:00-8:00$$, $$null$$, 0);
INSERT INTO showtimes (id, screenings_id, showtime, showtime_note, canceled) VALUES
    (DEFAULT, 12, $$2020-06-02 23:25:00-8:00$$, $$null$$, 0);
INSERT INTO showtimes (id, screenings_id, showtime, showtime_note, canceled) VALUES
    (DEFAULT, 12, $$2020-06-03 23:25:00-8:00$$, $$null$$, 0);
INSERT INTO showtimes (id, screenings_id, showtime, showtime_note, canceled) VALUES
    (DEFAULT, 12, $$2020-06-04 23:25:00-8:00$$, $$null$$, 0);
INSERT INTO showtimes (id, screenings_id, showtime, showtime_note, canceled) VALUES
    (DEFAULT, 13, $$2020-05-31 20:50:00-8:00$$, $$null$$, 0);
INSERT INTO showtimes (id, screenings_id, showtime, showtime_note, canceled) VALUES
    (DEFAULT, 13, $$2020-06-01 20:50:00-8:00$$, $$null$$, 0);
INSERT INTO showtimes (id, screenings_id, showtime, showtime_note, canceled) VALUES
    (DEFAULT, 13, $$2020-06-02 20:50:00-8:00$$, $$null$$, 0);
INSERT INTO showtimes (id, screenings_id, showtime, showtime_note, canceled) VALUES
    (DEFAULT, 13, $$2020-06-03 20:50:00-8:00$$, $$null$$, 0);
INSERT INTO showtimes (id, screenings_id, showtime, showtime_note, canceled) VALUES
    (DEFAULT, 13, $$2020-06-04 20:50:00-8:00$$, $$null$$, 0);
INSERT INTO showtimes (id, screenings_id, showtime, showtime_note, canceled) VALUES
    (DEFAULT, 14, $$2020-05-31 22:45:00-8:00$$, $$null$$, 0);
INSERT INTO showtimes (id, screenings_id, showtime, showtime_note, canceled) VALUES
    (DEFAULT, 14, $$2020-06-01 22:45:00-8:00$$, $$null$$, 0);
INSERT INTO showtimes (id, screenings_id, showtime, showtime_note, canceled) VALUES
    (DEFAULT, 14, $$2020-06-02 22:45:00-8:00$$, $$null$$, 0);
INSERT INTO showtimes (id, screenings_id, showtime, showtime_note, canceled) VALUES
    (DEFAULT, 14, $$2020-06-03 22:45:00-8:00$$, $$null$$, 0);
INSERT INTO showtimes (id, screenings_id, showtime, showtime_note, canceled) VALUES
    (DEFAULT, 14, $$2020-06-04 22:45:00-8:00$$, $$null$$, 0);
INSERT INTO showtimes (id, screenings_id, showtime, showtime_note, canceled) VALUES
    (DEFAULT, 15, $$2020-05-31 20:50:00-8:00$$, $$null$$, 0);
INSERT INTO showtimes (id, screenings_id, showtime, showtime_note, canceled) VALUES
    (DEFAULT, 15, $$2020-06-01 20:50:00-8:00$$, $$null$$, 0);
INSERT INTO showtimes (id, screenings_id, showtime, showtime_note, canceled) VALUES
    (DEFAULT, 15, $$2020-06-02 20:50:00-8:00$$, $$null$$, 0);
INSERT INTO showtimes (id, screenings_id, showtime, showtime_note, canceled) VALUES
    (DEFAULT, 15, $$2020-06-03 20:50:00-8:00$$, $$null$$, 0);
INSERT INTO showtimes (id, screenings_id, showtime, showtime_note, canceled) VALUES
    (DEFAULT, 15, $$2020-06-04 20:50:00-8:00$$, $$null$$, 0);
INSERT INTO showtimes (id, screenings_id, showtime, showtime_note, canceled) VALUES
    (DEFAULT, 16, $$2020-05-31 22:45:00-8:00$$, $$null$$, 0);
INSERT INTO showtimes (id, screenings_id, showtime, showtime_note, canceled) VALUES
    (DEFAULT, 16, $$2020-06-01 22:45:00-8:00$$, $$null$$, 0);
INSERT INTO showtimes (id, screenings_id, showtime, showtime_note, canceled) VALUES
    (DEFAULT, 16, $$2020-06-02 22:45:00-8:00$$, $$null$$, 0);
INSERT INTO showtimes (id, screenings_id, showtime, showtime_note, canceled) VALUES
    (DEFAULT, 16, $$2020-06-03 22:45:00-8:00$$, $$null$$, 0);
INSERT INTO showtimes (id, screenings_id, showtime, showtime_note, canceled) VALUES
    (DEFAULT, 16, $$2020-06-04 22:45:00-8:00$$, $$null$$, 0);
INSERT INTO screenings_series (screenings_id, series_id) VALUES
    (1, 1);
INSERT INTO screenings_series (screenings_id, series_id) VALUES
    (2, 1);
INSERT INTO screenings_series (screenings_id, series_id) VALUES
    (3, 1);
INSERT INTO screenings_series (screenings_id, series_id) VALUES
    (4, 1);
INSERT INTO screenings_series (screenings_id, series_id) VALUES
    (5, 1);
INSERT INTO screenings_series (screenings_id, series_id) VALUES
    (6, 1);
INSERT INTO screenings_series (screenings_id, series_id) VALUES
    (7, 1);
INSERT INTO screenings_series (screenings_id, series_id) VALUES
    (8, 1);
INSERT INTO screenings_series (screenings_id, series_id) VALUES
    (9, 1);
INSERT INTO screenings_series (screenings_id, series_id) VALUES
    (10, 1);
INSERT INTO screenings_series (screenings_id, series_id) VALUES
    (11, 1);
INSERT INTO screenings_series (screenings_id, series_id) VALUES
    (12, 1);
INSERT INTO screenings_series (screenings_id, series_id) VALUES
    (13, 1);
INSERT INTO screenings_series (screenings_id, series_id) VALUES
    (14, 1);
INSERT INTO screenings_series (screenings_id, series_id) VALUES
    (15, 1);
INSERT INTO screenings_series (screenings_id, series_id) VALUES
    (16, 1);
